Disaster Subtype_Ground movement,Continent_Africa,Continent_Americas,Continent_Asia,Continent_Europe,Continent_Oceania,Dis Mag Value,Latitude,Longitude,Injured
1,0,0,1,0,0,8,-3.924,101.82,Low
1,0,0,1,0,0,7,28,104,Low
1,0,1,0,0,0,6,14.38,-90.22,Low
1,0,0,1,0,0,7,23.5,117,Low
1,0,1,0,0,0,9,-28.553,-70.755,Low
1,0,0,1,0,0,7,31.295,100.75,Low
1,0,1,0,0,0,7,-1.29,-78.52,Low
1,0,0,1,0,0,7,-7.21,109.56,Low
1,0,0,1,0,0,7,25.713,100.422,Low
1,1,0,0,0,0,7,30.03,31.15,Low
1,0,0,1,0,0,6,-0.842,120.764,Medium
1,0,0,0,1,0,6,-0.842,120.764,Medium
0,0,1,0,0,0,7,48.6,58,Medium
1,0,1,0,0,0,7,35.28,71.4,Medium
1,0,0,0,1,0,7,38,23.44,Medium
0,0,0,1,0,0,3,8.3,121.7,Medium
1,0,0,1,0,0,7,0.5,126,Very High
1,0,0,1,0,0,8,31.9,103.4,Very High
1,0,0,1,0,0,7,6.1,94.7,Low
1,0,0,1,0,0,7,3.5,97.5,Low
1,0,0,1,0,0,8,-0.557,118.881,Low
1,1,0,0,0,0,6,5.552,-0.628,Very High
1,0,0,1,0,0,6,5.552,-0.628,Very High
1,0,1,0,0,0,6,-0.025,-79.955,Very High
1,0,1,0,0,0,8,-31.432,-71.475,Medium
1,0,0,1,0,0,7,-8.591,109.803,Extreme
1,0,1,0,0,0,7,-31.372,68.436,Extreme
1,0,1,0,0,0,8,-26.5,-70.5,Extreme
1,0,1,0,0,0,8,19.25,-69,Extreme
1,1,0,0,0,0,8,35.75,5,Extreme
1,0,1,0,0,0,7,-1.5,-78.2,Extreme
1,0,1,0,0,0,7,-38,-73.5,Very High
1,0,1,0,0,0,8,-54,-71,Low
1,0,0,1,0,0,9,28.5,96.5,Low
1,0,1,0,0,0,9,7.8,-72.5,Low
1,0,1,0,0,0,9,18.3,73.2,Low
1,0,1,0,0,0,8,-37.093,-72.866,Medium
1,0,0,1,0,0,6,34.741,32.335,High
1,0,0,0,1,0,7,38.182,20.942,Extreme
1,0,1,0,0,0,7,-22.1,-68.7,Low
1,1,0,0,0,0,7,36.283,1.467,Extreme
1,0,0,1,0,0,7,36,66,Extreme
1,0,0,0,1,0,7,39.3,22.2,Very High
1,0,0,1,0,0,8,30,101.8,Very High
1,1,0,0,0,0,6,32.2,29.6,Medium
1,0,0,0,1,0,8,36.664,25.957,High
1,0,0,1,0,0,8,35.1,67.5,Extreme
1,0,0,0,1,0,8,37,-4,High
1,0,0,1,0,0,6,23,70,Extreme
1,0,1,0,0,0,6,23,70,Medium
1,0,0,1,0,0,7,-9.5,112.5,Extreme
0,0,1,0,0,0,10,-38.143,-73.407,Extreme
1,1,0,0,0,0,6,36,4.1,Extreme
1,1,0,0,0,0,7,10.4,39.9,Extreme
1,0,0,0,1,0,6,40.9,19.5,Very High
1,0,1,0,0,0,7,5.173,-76.352,Extreme
1,0,0,0,1,0,5,38.8,-28.4,Extreme
1,0,0,1,0,0,8,-2.608,-125.952,Extreme
1,0,1,0,0,0,7,-32.522,-71.233,Extreme
1,1,0,0,0,0,6,35.7,4.4,Extreme
1,0,0,0,1,0,6,39.4,24,Extreme
1,0,1,0,0,0,8,-25.494,-70.55,Low
1,0,0,0,1,0,6,39.2,22,Medium
1,0,0,0,1,0,6,37.5,22.1,Very High
1,0,0,1,0,0,6,-3.7,119.3,High
1,0,0,0,1,0,7,41.386,20.532,Very High
1,0,1,0,0,0,7,2.849,-74.798,Very High
1,0,0,0,1,0,5,43.2,-0.5,High
1,0,0,0,1,0,6,39.5,21.2,High
1,0,0,1,0,0,6,-8.965,113.017,Very High
1,0,0,1,0,0,7,17.412,73.885,Extreme
1,0,0,0,1,0,7,39.368,24.957,Low
1,0,0,0,0,1,7,-31.566,117.071,Low
0,0,0,1,0,0,8,0.157,119.802,Low
1,0,0,1,0,0,6,22.317,111.8,Low
1,1,0,0,0,0,6,11.9,41.21,Very High
0,0,0,1,0,0,7,-3.201,118.904,High
1,0,0,1,0,0,7,24.185,102.543,High
1,0,1,0,0,0,7,6.375,-77.438,Low
1,0,1,0,0,0,7,-4.026,-80.542,Very High
1,0,0,1,0,0,5,21.7,73,Very High
1,0,1,0,0,0,8,-32.601,-71.076,Extreme
1,0,1,0,0,0,7,10.679,-84.759,High
1,0,0,1,0,0,7,40.641,122.58,High
1,0,0,1,0,0,7,32.455,78.43,High
1,0,0,1,0,0,6,36.61,67.79,High
1,0,0,1,0,0,6,30.37,104.06,High
1,0,1,0,0,0,6,30.37,104.06,Low
1,0,1,0,0,0,7,0.782,79.804,Low
1,0,1,0,0,0,7,0.14,78.3,Low
1,0,0,1,0,0,7,-4.603,140.091,Low
1,0,0,1,0,0,7,-8.17,114.888,Extreme
1,0,0,1,0,0,7,-4.517,139.918,Extreme
1,0,0,1,0,0,8,-11.164,118.378,High
1,0,1,0,0,0,7,-31.028,-67.767,High
1,0,0,0,1,0,6,45.77,26.76,Very High
1,0,0,1,0,0,6,45.77,26.76,Medium
1,0,0,0,1,0,6,40.739,23.229,High
0,0,0,1,0,0,8,40.5,142.5,High
1,0,0,0,1,0,6,40.8,72.3,High
1,0,0,1,0,0,6,39.09,42.3,High
0,0,0,1,0,0,7,37.4,142.6,High
1,0,0,0,1,0,7,38.67,16.07,Extreme
1,0,1,0,0,0,8,37.67,-122.48,Extreme
1,0,0,1,0,0,7,23.6,170.5,Very High
1,0,1,0,0,0,7,18.2,-76.8,Very High
1,0,0,0,1,0,7,18.2,-76.8,Very High
1,0,0,1,0,0,8,33.55,48.48,Very High
1,1,0,0,0,0,8,35.34,-5.22,Very High
1,0,0,1,0,0,8,40.41,27.15,Extreme
1,0,1,0,0,0,6,-14.2,-72.9,Extreme
1,0,0,0,1,0,7,43.5,25.5,Extreme
1,0,0,1,0,0,7,39.2,139.8,Extreme
1,0,1,0,0,0,6,32.47,-115.33,Extreme
1,0,0,1,0,0,8,8.29,124.4,Extreme
1,0,1,0,0,0,8,18.06,-67.54,Extreme
1,0,0,0,1,0,6,44.3,10.3,Extreme
1,0,0,1,0,0,6,35.2,59.2,Extreme
1,0,1,0,0,0,6,34.25,119.41,Extreme
1,0,0,1,0,0,6,31.922,35.633,Extreme
1,0,0,1,0,0,7,35.632,135.013,Extreme
1,0,0,0,1,0,7,35.632,135.013,Extreme
1,0,0,1,0,0,7,38.25,27.1,Extreme
1,0,0,0,0,1,8,-41.55,172.25,Extreme
1,0,0,1,0,0,7,37.8,57.8,Extreme
1,0,0,1,0,0,8,17.86,96.43,Extreme
1,0,0,1,0,0,7,38.087,44.781,Extreme
1,0,0,0,1,0,6,40.922,15.377,Extreme
1,0,0,1,0,0,7,35.05,139.129,Extreme
1,0,0,1,0,0,7,18.233,96.298,Extreme
1,0,1,0,0,0,6,13.2,-85.7,Extreme
1,0,0,0,0,1,7,-39.659,176.42,Extreme
0,0,0,0,0,1,8,11.117,161.11,Extreme
1,0,1,0,0,0,6,33.62,117.97,Extreme
0,0,0,1,0,0,8,39.224,144.622,Extreme
1,0,0,0,1,0,8,39.224,144.622,Extreme
1,0,0,1,0,0,6,24.3,124.3,Extreme
1,0,0,1,0,0,7,24.6,120.8,Extreme
1,0,0,1,0,0,7,39.508,33.872,Extreme
1,0,0,1,0,0,6,39.7,10.4,Extreme
1,0,0,1,0,0,6,39.209,27.164,High
1,0,1,0,0,0,8,-10.5,-77,Extreme
1,0,0,0,1,0,7,45.8,26.8,Extreme
1,0,0,1,0,0,7,38.4,35.5,Extreme
1,0,1,0,0,0,7,32.733,-115.5,Extreme
1,0,0,1,0,0,7,22.408,99.814,Extreme
1,0,0,1,0,0,7,40.87,36.732,Extreme
1,0,0,1,0,0,7,35.448,133.993,Extreme
1,0,1,0,0,0,5,-14.2,-71.5,Extreme
1,0,0,1,0,0,8,40.916,33.562,Extreme
0,0,0,1,0,0,8,33.682,36.204,Extreme
1,0,0,1,0,0,8,40.696,32.992,Extreme
1,0,0,1,0,0,7,39.502,26.596,Extreme
1,0,0,1,0,0,7,34.612,137.064,Extreme
1,0,0,1,0,0,8,24.927,63.601,Extreme
1,0,0,0,1,0,8,24.927,63.601,Extreme
1,0,0,0,1,0,8,24.927,63.601,Extreme
1,0,0,1,0,0,8,33.116,135.895,Extreme
0,0,1,0,0,0,9,53.492,-162.832,Extreme
1,0,1,0,0,0,7,-8.41,-77.535,Extreme
1,0,0,0,1,0,7,39.826,54.648,Extreme
1,0,0,1,0,0,6,39.3,41.2,Extreme
1,0,0,1,0,0,7,33.621,58.643,Extreme
1,0,1,0,0,0,8,-10.973,-74.725,Extreme
1,0,0,1,0,0,8,-10.973,-74.725,Extreme
1,0,0,1,0,0,7,36.5,136,Extreme
1,0,0,1,0,0,8,10.5,122,Extreme
1,0,0,0,1,0,7,39.2,70.8,Extreme
1,0,0,1,0,0,7,39,40.5,Extreme
1,0,1,0,0,0,7,47.167,-122.617,Extreme
1,0,1,0,0,0,6,-13.5,-72,Very High
1,0,1,0,0,0,6,13,-87.5,Very High
1,0,1,0,0,0,7,13.3,-87.8,Very High
1,0,0,1,0,0,7,40.8,33.4,Very High
1,0,0,1,0,0,8,42.084,143.899,Very High
0,0,0,0,1,0,8,52.623,159.779,Very High
1,0,0,1,0,0,5,36.5,35.5,Very High
1,0,0,1,0,0,6,39.9,41.7,Extreme
1,0,1,0,0,0,8,34.958,-118.998,Very High
1,0,1,0,0,0,6,35.333,-118.917,Very High
0,0,1,0,0,0,6,35.333,-118.917,Very High
1,0,0,1,0,0,7,35.385,54.979,Very High
1,0,1,0,0,0,7,-3.552,-80.636,Low
1,0,0,1,0,0,7,40.175,27.648,Low
1,0,0,1,0,0,7,13,123.9,Very High
1,0,0,1,0,0,6,7.674,124.081,Extreme
1,0,0,1,0,0,6,27.407,54.462,Extreme
1,0,0,1,0,0,6,35.5,35.5,Very High
1,0,1,0,0,0,8,16.5,-99.1,High
1,0,0,1,0,0,8,33.4,52.5,High
1,0,0,1,0,0,7,36100,52700,High
1,0,0,1,0,0,7,34.3,47.8,Extreme
1,0,0,1,0,0,8,45.5,99.5,Extreme
1,1,0,0,0,0,6,36.2,8.9,Extreme
1,0,0,1,0,0,7,40.7,30.9,Very High
1,0,0,1,0,0,7,34.4,47.9,Extreme
1,0,1,0,0,0,7,-16.5,-72,Extreme
1,0,1,0,0,0,7,44.712,-111.215,Extreme
1,0,1,0,0,0,6,18.22,-94.416,Very High
0,0,0,1,0,0,6,18.22,-94.416,Very High
1,0,1,0,0,0,8,-15.75,-72.75,Very High
0,0,1,0,0,0,10,-15.75,-72.75,Very High
1,0,0,1,0,0,6,28,54.5,Very High
0,0,0,1,0,0,6,28,54.5,Very High
1,0,0,0,1,0,6,41.4,15.5,Very High
1,1,0,0,0,0,5,32.6,21,Extreme
0,0,0,1,0,0,7,38.67,139.195,Extreme
0,0,1,0,0,0,9,60.908,-147.339,Extreme
1,0,1,0,0,0,7,18.136,-100.605,Extreme
1,0,0,1,0,0,7,40.203,28.206,High
1,0,0,1,0,0,7,23.2,120.6,Extreme
1,1,0,0,0,0,7,2.31,32.56,Extreme
1,0,1,0,0,0,6,13.5,-89.3,Extreme
1,0,1,0,0,0,7,47.4,-122.3,Extreme
1,0,1,0,0,0,8,-10.665,-78.228,Extreme
1,0,0,1,0,0,6,29.706,80.935,High
1,0,0,0,1,0,6,41.2,69.1,High
1,0,0,1,0,0,6,38.5,41.3,High
1,0,0,1,0,0,7,39.235,41.572,Extreme
1,1,0,0,0,0,1,0.622,29.863,Extreme
1,0,0,1,0,0,7,40.751,30.8,Extreme
1,0,0,1,0,0,7,40.5,140.43,Extreme
1,0,1,0,0,0,6,15.5,-92.7,Extreme
1,0,0,1,0,0,6,16.316,122.067,Extreme
1,0,0,1,0,0,7,41.86,32.463,Very High
1,0,0,1,0,0,5,39.2,44.3,High
1,0,0,1,0,0,7,34.158,59.083,Extreme
1,0,0,0,1,0,6,37.702,13.033,Extreme
1,0,1,0,0,0,5,12.1,-86.2,Extreme
1,0,0,0,0,1,7,-41.659,172.02,Low
1,0,1,0,0,0,7,-5.61,-77.086,Very High
1,0,0,1,0,0,6,37.1,57.9,Extreme
1,0,1,0,0,0,7,-11.841,-75.051,Extreme
1,0,0,1,0,0,7,38.515,28.546,Extreme
1,0,0,0,0,1,7,-4.999,145.396,Low
1,0,0,1,0,0,7,37.733,55.885,Low
1,0,1,0,0,0,7,-4.026,-80.542,Extreme
1,0,0,1,0,0,7,15.791,121.63,Very High
1,0,0,1,0,0,7,39.098,29.57,Extreme
1,0,0,0,1,0,5,42.5,11.8,High
1,0,0,1,0,0,6,37.6,29.8,High
1,0,0,1,0,0,7,38.934,40.653,Extreme
1,0,1,0,0,0,7,34.416,-118.37,Extreme
1,0,0,1,0,0,7,28.415,52.765,Extreme
1,0,0,0,1,0,5,43.8,13.3,Extreme
1,0,1,0,0,0,6,12.184,-86.223,Extreme
1,0,0,1,0,0,6,36,73.4,Extreme
1,0,1,0,0,0,6,-6.855,-76.726,Extreme
1,0,1,0,0,0,8,18.481,-102.996,Extreme
1,0,1,0,0,0,7,18.267,-96.598,Extreme
1,0,0,1,0,0,7,13.372,122.787,High
1,0,0,1,0,0,7,34.522,138.74,High
1,0,0,1,0,0,6,35.1,72.9,Extreme
1,0,1,0,0,0,8,-12.265,-77.795,Extreme
0,0,0,0,0,1,8,-7.104,155.152,Extreme
1,0,0,1,0,0,7,38.474,40.723,Extreme
1,0,0,1,0,0,8,6.262,124.023,Extreme
1,0,0,1,0,0,6,33.8,59.15,Extreme
1,0,0,0,1,0,6,66.157,-16.582,Low
1,0,0,0,1,0,7,46.356,13.275,Extreme
1,0,0,0,1,0,7,46.356,13.275,Extreme
1,0,0,0,0,1,8,-28.427,-177.657,Extreme
1,0,0,0,1,0,7,40.381,63.472,Extreme
1,0,0,1,0,0,5,41.13,43.01,Low
1,0,0,1,0,0,5,37.7,28.89,Medium
1,0,0,1,0,0,7,39.121,44.029,Extreme
1,0,0,0,0,1,7,-9.828,160.323,Low
1,0,0,1,0,0,7,27.609,56.393,Extreme
1,0,0,1,0,0,6,31.98,50.68,Very High
1,0,0,1,0,0,5,38.934,44.38,Low
1,0,0,1,0,0,5,27.69,56.57,Low
1,0,0,1,0,0,6,30.95,56.47,Extreme
1,0,0,1,0,0,7,16.773,122.327,Medium
1,0,0,0,1,0,8,45.772,26.761,Extreme
1,0,0,0,0,1,7,-22.878,-175.9,Low
1,0,0,1,0,0,5,38.56,40.02,Low
1,0,0,1,0,0,7,34.809,139.259,Very High
1,0,0,0,1,0,6,38.391,15.066,Very High
1,0,0,1,0,0,8,38.19,142.028,Extreme
1,0,0,1,0,0,6,16.4,43.5,Very High
1,0,1,0,0,0,7,10.5,-68,Very High
1,0,0,0,1,0,6,42.1,21.3,Extreme
1,1,0,0,0,0,7,42.1,21.3,Extreme
1,0,1,0,0,0,7,10.559,-67.33,Extreme
1,0,0,0,1,0,7,42,21.28,High
1,0,0,0,1,0,5,42.1,19.3,Medium
1,0,0,0,1,0,6,44.9,17.3,Extreme
1,1,0,0,0,0,6,-33.268,19.386,Extreme
1,0,0,0,1,0,6,48.29,9.01,Medium
1,0,1,0,0,0,5,14.321,-90.082,Medium
1,0,1,0,0,0,8,1.598,-79.358,Extreme
1,0,0,0,1,0,7,42.096,19.209,Extreme
1,0,0,1,0,0,5,31.452,119.241,Extreme
1,0,0,1,0,0,6,41.145,108.129,Very High
1,0,1,0,0,0,7,4.805,-76.217,Extreme
0,0,0,0,1,0,7,43.7,7.25,Low
1,1,0,0,0,0,7,36.195,1.354,Extreme
1,0,0,0,1,0,7,38.815,-27.78,Extreme
1,0,1,0,0,0,6,-1.948,-80.017,Medium
1,0,0,0,1,0,6,39.203,22.729,Low
1,0,1,0,0,0,5,8.117,-72.527,Low
1,0,0,0,1,0,6,39.481,20.699,Low
1,0,0,1,0,0,7,30.927,101.098,Extreme
1,0,0,0,1,0,7,38.222,22.934,Extreme
1,0,0,1,0,0,7,36.148,69.011,Extreme
1,0,0,0,1,0,6,40.883,19.59,Low
1,0,0,1,0,0,6,31.907,99.931,Low
1,0,1,0,0,0,5,14.53,87.72,Low
1,0,1,0,0,0,7,9.652,-83.688,High
1,0,0,1,0,0,7,34.01,71.4,Extreme
1,0,0,0,1,0,5,50.37,5.31,Medium
1,0,1,0,0,0,7,-26.535,-70.563,Medium
1,0,0,1,0,0,5,35.206,115.213,Extreme
1,0,1,0,0,0,5,2.461,-76.686,Extreme
1,0,1,0,0,0,7,8.717,-83.123,Extreme
1,1,0,0,0,0,6,11.866,-13.529,Extreme
1,0,0,0,1,0,6,38.294,20.262,Low
1,0,0,1,0,0,6,34.26,70.28,Medium
1,0,1,0,0,0,7,-33.053,-68.467,Extreme
1,0,1,0,0,0,8,-33.135,-71.871,Extreme
1,0,0,1,0,0,6,25.926,102.871,Extreme
1,0,0,1,0,0,7,39.431,75.224,High
1,1,0,0,0,0,6,36.46,6.791,High
1,0,1,0,0,0,5,15.299,-90.863,High
1,0,0,0,1,0,5,43.12,25.57,High
1,0,1,0,0,0,5,3.58,62.42,High
1,0,0,1,0,0,6,31.24,86.847,High
1,0,0,0,1,0,6,37.02,22.07,Extreme
1,0,1,0,0,0,5,15.075,92.072,Extreme
1,0,1,0,0,0,7,-19.022,-69.991,Very High
1,0,1,0,0,0,7,0.151,-77.785,Very High
1,0,1,0,0,0,6,-0.978,-78.05,Low
1,0,0,1,0,0,6,41.529,79.318,Low
1,0,0,1,0,0,5,24.924,115.608,High
1,1,0,0,0,0,4,35.964,1.374,Low
1,0,0,0,1,0,6,37.938,20.932,Medium
1,0,1,0,0,0,7,13.881,-90.45,Medium
1,0,0,1,0,0,6,24.688,991.57,High
1,0,0,1,0,0,6,38.111,106.336,High
1,0,0,1,0,0,8,22.789,99.611,Extreme
1,1,0,0,0,0,5,36.443,2.759,High
1,0,1,0,0,0,6,13.881,-90.45,High
1,0,0,1,0,0,6,32.14,49.65,High
1,0,1,0,0,0,8,16.01,-96.591,High
1,0,0,1,0,0,8,-1.679,136.04,Low
0,0,0,1,0,0,8,8.8,123.5,Medium
1,0,0,1,0,0,6,8.21,115.95,Medium
1,0,0,1,0,0,6,-7.656,108.252,Very High
1,0,0,1,0,0,7,-3.299,102.712,Very High
1,0,0,1,0,0,6,-8.39,115.889,Extreme
1,0,0,1,0,0,7,33.897,59.472,Very High
1,0,0,1,0,0,7,33.918,59.741,High
1,0,0,1,0,0,7,33.962,59.726,Medium
1,0,0,0,1,0,6,42.812,13.061,Medium
1,0,1,0,0,0,8,17.813,-101.276,Medium
1,0,1,0,0,0,7,-16.39,-72.658,Extreme
1,0,0,1,0,0,7,-16.39,-72.658,Extreme
1,0,0,1,0,0,6,32.913,75.633,Medium
1,0,0,1,0,0,6,34.587,50.652,Medium
1,0,0,1,0,0,5,34.503,50.59,High
1,0,0,1,0,0,6,35.4,51.26,High
1,0,0,0,1,0,7,40.914,15.366,Extreme
1,0,0,1,0,0,6,35.45,139.964,High
1,0,1,0,0,0,6,32.2,-115.122,High
1,0,1,0,0,0,7,18.211,-98.24,Extreme
1,0,0,1,0,0,7,29.598,81.092,Extreme
1,0,1,0,0,0,5,-13.347,-74.545,Extreme
1,0,0,1,0,0,7,-4.576,139.232,Extreme
1,0,0,1,0,0,6,35.693,73.594,Extreme
1,0,0,1,0,0,7,29.913,57.715,Extreme
1,0,0,1,0,0,7,30.013,57.794,Extreme
1,0,0,0,1,0,5,37.67,12.47,Low
1,0,0,0,1,0,5,41.051,14.601,Low
1,0,1,0,0,0,7,18.048,-102.084,Medium
1,0,0,1,0,0,4,29.856,66.962,Low
1,0,1,0,0,0,5,-13.166,-74.522,High
1,0,1,0,0,0,5,-13.144,-74.376,Low
1,0,0,1,0,0,6,-8.405,123.08,Extreme
1,0,1,0,0,0,7,13.332,-89.387,Extreme
1,0,0,1,0,0,5,4.374,97.755,Extreme
1,0,0,1,0,0,7,42.158,142.361,High
1,0,0,0,1,0,7,42.158,142.361,High
1,0,0,0,1,0,4,43.164,12.586,High
1,0,1,0,0,0,7,16.558,-98.358,Low
1,0,1,0,0,0,6,-12.69,-76.065,Low
1,0,0,0,1,0,6,50.21,18.51,Low
1,0,0,1,0,0,7,18.231,120.86,Very High
1,0,0,1,0,0,5,35.953,52.264,High
1,0,0,1,0,0,5,35.5,139.07,Medium
0,0,0,1,0,0,8,40.462,139.102,High
1,0,0,1,0,0,7,5.723,94.722,High
1,0,0,1,0,0,6,36.948,49.18,Medium
1,0,0,0,1,0,6,40.5,14.15,Medium
1,0,0,1,0,0,7,36.372,70.738,Extreme
1,0,1,0,0,0,5,-4.843,-78.103,Extreme
1,0,0,0,0,1,6,5.392,151.868,Extreme
1,0,0,1,0,0,7,36.39,138.1,Extreme
1,0,0,1,0,0,7,32.5,130.42,Low
1,0,0,1,0,0,6,2.41,118.55,High
1,0,0,1,0,0,5,1.3,98,Very High
1,0,0,1,0,0,6,24.4,92.34,High
1,0,0,0,1,0,6,43.07,12.23,Very High
1,0,0,0,1,0,5,42.1,13.5,High
1,0,0,0,1,0,5,37.31,15.06,Low
1,0,0,1,0,0,7,34.07,71.15,Low
1,0,0,1,0,0,6,-4.13,136.049,Low
1,0,0,1,0,0,5,28.399,52.997,High
1,0,1,0,0,0,8,18.19,-102.533,Extreme
1,0,0,1,0,0,7,36.19,70.896,Medium
1,0,1,0,0,0,6,-9.159,-78.887,High
1,0,0,1,0,0,7,7.758,123.544,Medium
1,0,0,0,0,1,7,-5.599,151.045,Medium
1,0,0,0,0,1,7,4,142,Medium
1,0,0,1,0,0,5,32.128,76.374,Medium
1,0,0,1,0,0,6,29.962,51.582,Low
1,0,0,1,0,0,6,29.985,51.623,Low
1,0,0,1,0,0,5,27.727,66.65,Low
1,0,1,0,0,0,6,13.32,71.57,High
1,0,1,0,0,0,5,9.505,77.512,High
1,0,1,0,0,0,8,13.4,89.1,Extreme
1,0,0,1,0,0,7,-8.247,124.155,High
1,0,0,0,0,1,7,-6.088,147.689,High
1,0,0,1,0,0,6,2.244,98.866,Low
1,0,0,1,0,0,5,34.076,48.266,Medium
1,0,0,1,0,0,6,35.38,140.214,High
1,0,1,0,0,0,7,33.015,-115.852,Medium
1,0,0,0,0,1,7,-37.965,176.765,Medium
1,0,0,1,0,0,6,29.974,51.679,Medium
1,0,0,1,0,0,6,30.89,50.194,Medium
1,0,0,1,0,0,7,26.755,86.616,Extreme
1,0,0,1,0,0,5,36.69,39.79,Low
1,0,0,0,1,0,7,42.096,19.209,High
1,0,0,0,1,0,6,42.255,18.752,High
1,0,0,0,1,0,6,43.294,20.837,High
1,0,1,0,0,0,5,8.045,-72.441,Medium
1,0,0,0,1,0,6,44.849,17.312,Medium
1,0,0,1,0,0,6,14.701,44.379,Extreme
1,0,1,0,0,0,6,19.43,-155.454,Low
1,0,0,0,1,0,5,39.042,48.714,Low
1,0,0,1,0,0,7,40.33,42.187,Extreme
1,0,1,0,0,0,5,36.219,-120.317,Medium
1,0,1,0,0,0,5,43.974,-113.916,Low
1,0,0,0,1,0,5,41.959,21.54,Low
1,0,0,0,1,0,7,41.959,21.54,High
1,0,0,1,0,0,7,40.89,42.22,Medium
1,0,0,1,0,0,5,40.55,42.4,Medium
1,0,0,0,1,0,7,36.19,70.896,Medium
1,0,0,0,1,0,6,40.301,69.823,High
1,0,0,1,0,0,4,40.31,42.307,Low
1,0,0,0,1,0,5,41.581,22.254,Low
1,0,0,0,1,0,6,26,46.5,Extreme
1,0,0,0,1,0,6,41.431,43.737,Extreme
1,0,0,1,0,0,6,37.993,37.806,High
1,0,0,1,0,0,6,37.931,28.574,Low
1,0,0,1,0,0,6,37.931,28.574,Medium
1,0,1,0,0,0,6,32.978,117.858,Medium
1,0,1,0,0,0,6,32.978,117.858,Medium
1,0,1,0,0,0,6,10.77,69.428,Medium
1,0,1,0,0,0,6,34.061,-118.079,Medium
1,0,1,0,0,0,7,33.013,115.838,High
1,1,0,0,0,0,7,3.02,30.56,High
1,0,0,0,1,0,6,41.246,19.63,High
1,1,0,0,0,0,6,36.788,2.448,Very High
1,0,0,0,0,1,5,-32.967,151.619,Very High
1,0,0,1,0,0,5,21.861,89.763,High
1,0,0,1,0,0,6,29.987,99.195,Very High
1,0,0,1,0,0,5,39.893,113.884,Very High
1,0,0,1,0,0,6,23.553,99.526,High
1,0,0,1,0,0,5,29.882,106.804,High
1,0,0,1,0,0,6,31.583,102.433,High
1,0,1,0,0,0,5,0.259,78.449,Low
1,0,0,0,1,0,7,45.841,26.668,Low
1,0,0,1,0,0,6,37.001,103.863,Low
1,0,0,1,0,0,7,35.986,100.245,Extreme
1,0,1,0,0,0,6,9.869,84.302,Extreme
1,0,1,0,0,0,7,9.919,84.808,Low
1,0,0,0,0,1,7,22.122,175.163,Low
1,0,0,0,0,1,6,21.363,176.582,Low
1,0,0,1,0,0,5,37.457,68.273,Low
1,0,1,0,0,0,6,9.685,83.073,Very High
1,0,0,1,0,0,6,38.993,70.423,Very High
1,0,0,1,0,0,7,40.3,78.9,Low
1,0,0,1,0,0,6,39.8,173.9,Extreme
1,0,1,0,0,0,7,3.554,77.442,Low
1,0,1,0,0,0,5,9.59,84.04,Low
1,0,1,0,0,0,6,9.542,82.418,Low
1,0,1,0,0,0,7,7.123,7.887,Very High
1,0,0,1,0,0,6,33.377,71.317,Very High
1,0,0,0,1,0,6,51.153,5.798,Very High
1,0,0,1,0,0,7,29.41,91.1,Very High
1,0,1,0,0,0,7,19.9,77.5,Medium
1,0,0,0,1,0,6,51.153,5.798,Medium
1,1,0,0,0,0,5,36.5,3,Medium
1,1,0,0,0,0,6,29.888,31.223,Extreme
1,0,0,1,0,0,6,23.027,101.062,High
1,0,0,1,0,0,5,23.027,101.062,Low
1,0,1,0,0,0,6,6.47,-71.21,High
1,0,1,0,0,0,4,9.59,84.04,Medium
1,0,1,0,0,0,8,13.841,67.553,Medium
1,0,1,0,0,0,6,30,76.2,Very High
1,0,0,1,0,0,6,37,67,Extreme
1,0,0,0,0,1,7,-10.199,160.855,Extreme
1,0,0,1,0,0,6,-4.511,139.022,Very High
1,0,0,1,0,0,6,30.96,51.421,Very High
1,0,0,0,1,0,5,38.465,68.694,High
1,0,0,1,0,0,5,1.031,126.189,High
1,0,0,1,0,0,6,-8.081,125.129,Low
1,0,0,1,0,0,6,30.167,50.921,Low
1,0,1,0,0,0,7,16.773,-99.328,Extreme
1,1,0,0,0,0,6,13.45,34.29,High
1,0,0,1,0,0,6,3.908,97.457,Medium
1,0,0,1,0,0,8,15.658,121.227,Extreme
1,1,0,0,0,0,7,5.041,32.109,Extreme
1,0,0,1,0,0,7,9.725,124.625,Low
1,0,1,0,0,0,7,-6.016,-77.229,Extreme
1,0,0,0,1,0,5,52.314,2.985,Extreme
1,0,0,0,1,0,6,40.9,22.5,High
1,0,0,0,1,0,5,38,23.44,Low
1,0,0,1,0,0,8,1.186,122.857,Medium
1,0,0,1,0,0,6,9.904,101.12,Very High
1,0,0,1,0,0,7,28.251,55.462,High
1,0,0,0,1,0,5,40.38,15.48,Low
1,0,0,0,1,0,5,37.3,15.438,Very High
1,1,0,0,0,0,7,5.289,31.859,Very High
1,0,1,0,0,0,6,11.426,86.301,Very High
1,0,0,1,0,0,7,35.121,70.486,Extreme
1,0,0,1,0,0,6,28.925,66.331,Medium
1,0,0,1,0,0,6,27.429,65.79,Low
1,0,0,1,0,0,7,11.76,121.899,Low
1,0,0,0,0,1,7,3.5,144,Low
1,0,0,0,1,0,7,45.841,26.668,Extreme
1,0,0,0,1,0,7,45.841,26.668,Extreme
1,0,0,0,1,0,7,47.892,85.12,Extreme
1,0,1,0,0,0,7,9.685,83.073,Extreme
1,0,0,1,0,0,6,42.8,44,Very High
1,0,1,0,0,0,5,14.646,90.986,High
1,0,0,1,0,0,6,30.78,78.774,Extreme
1,0,1,0,0,0,5,15.679,71.274,Medium
1,0,0,0,1,0,6,44.888,22.407,Medium
1,0,0,1,0,0,7,1.196,122.787,Medium
1,0,0,1,0,0,7,8.099,125.681,Very High
1,0,0,1,0,0,5,30.6,50.2,High
1,0,0,1,0,0,6,36.12,44.01,High
1,0,0,1,0,0,7,23.5,96.3,High
1,0,0,1,0,0,6,38.993,70.423,Extreme
1,0,1,0,0,0,6,9.542,82.418,Medium
1,0,1,0,0,0,7,5.982,77.094,Extreme
1,0,0,0,1,0,6,45.5,21.3,Low
1,0,0,1,0,0,7,42.503,45.073,Low
1,0,0,1,0,0,5,31.726,50.778,Medium
1,0,0,1,0,0,8,42.142,73.575,High
1,0,0,1,0,0,8,8.482,121.93,Extreme
1,0,1,0,0,0,7,11.742,87.34,Extreme
1,0,0,1,0,0,5,7.138,109.067,Low
1,0,0,1,0,0,6,35.106,139.644,Medium
1,0,0,1,0,0,7,42.01,74.01,Medium
1,0,0,0,1,0,6,51.153,5.798,Low
1,0,0,1,0,0,6,29.3,66.7,Low
1,0,0,1,0,0,6,33.377,71.317,High
0,0,0,1,0,0,8,42.851,139.197,Extreme
1,0,0,0,0,1,8,12.982,144.801,High
1,0,0,1,0,0,8,43.3,143.691,Extreme
1,0,1,0,0,0,6,11.652,76.53,Medium
1,0,0,0,0,1,7,5.889,146.202,Very High
1,0,0,0,1,0,5,37.589,21.391,Low
1,0,0,0,1,0,5,38.224,21.756,Low
1,0,0,1,0,0,6,16.4,74.2,Extreme
1,0,0,1,0,0,5,18.12,76.533,Medium
1,0,0,1,0,0,6,30.149,50.814,Medium
1,0,0,1,0,0,5,32.104,60.088,Low
1,0,1,0,0,0,7,16.755,98.717,Low
1,0,0,1,0,0,5,28.723,82.28,High
1,1,0,0,0,0,6,15.385,31.69,Low
1,0,0,1,0,0,7,4.967,104.302,Extreme
1,0,0,1,0,0,6,29.096,52.617,Medium
1,0,0,1,0,0,7,1.015,127.733,Medium
1,0,0,1,0,0,6,30.853,60.596,Medium
1,0,1,0,0,0,7,37.036,-121.88,Extreme
1,0,1,0,0,0,6,19.362,-155.083,Extreme
1,0,1,0,0,0,5,11.038,-68.27,Extreme
1,0,0,0,1,0,6,47.949,84.958,Low
1,0,0,0,1,0,5,40.854,73.553,Low
1,1,0,0,0,0,5,40.854,73.553,Low
1,1,0,0,0,0,7,5.345,31.908,Low
1,0,1,0,0,0,6,34.14,117.7,Medium
1,0,1,0,0,0,4,37.885,121.983,Medium
1,0,0,0,0,1,7,15.465,166.385,Medium
1,0,0,0,0,1,7,18.318,168.063,Medium
1,0,0,0,0,1,7,15.319,167.396,Low
1,1,0,0,0,0,4,26.39,27.349,Low
1,0,0,0,1,0,7,42.15,42.44,Extreme
1,0,0,0,1,0,7,35.883,70.423,Extreme
1,0,0,0,1,0,7,60.7,167.2,Extreme
1,0,0,0,1,0,5,37.457,68.273,Extreme
1,0,1,0,0,0,6,34.1,118.09,High
1,0,0,1,0,0,4,13.887,44.068,Medium
1,0,0,1,0,0,7,39.71,39.605,Extreme
1,0,0,1,0,0,6,41.019,72.429,Extreme
1,0,1,0,0,0,7,40.415,124.603,High
1,0,1,0,0,0,7,34,118.15,Extreme
1,0,1,0,0,0,6,33.961,-116.32,Medium
1,1,0,0,0,0,7,6.087,26.651,High
1,0,1,0,0,0,6,42.314,-122.01,High
1,0,0,0,0,1,7,14.385,178.252,Low
1,0,1,0,0,0,7,0.34,30.12,Extreme
1,1,0,0,0,0,6,0.593,30.037,Extreme
1,0,0,0,0,1,5,32.956,151.228,Low
1,0,0,1,0,0,7,22.52,118.7,Extreme
1,0,0,1,0,0,6,20.485,109.406,Extreme
1,0,0,1,0,0,6,36.028,100.104,Low
1,0,1,0,0,0,7,4.9,73.1,Medium
1,0,1,0,0,0,8,23.34,70.36,High
1,0,0,1,0,0,7,21.966,99.196,Very High
1,0,0,1,0,0,6,25.9,102.2,Extreme
1,0,0,1,0,0,6,36.443,103.105,High
1,0,1,0,0,0,6,4.1,76.6,Extreme
1,0,1,0,0,0,5,1.12,77.17,Low
1,0,0,1,0,0,6,35.1,32.3,Low
1,0,0,1,0,0,6,36,65,Low
1,0,0,1,0,0,6,40.774,109.661,Extreme
1,0,0,1,0,0,7,39.28,76.44,Very High
1,0,0,1,0,0,6,26.51,100.16,Very High
1,0,1,0,0,0,7,-30.933,-71.22,High
1,0,0,1,0,0,6,33.825,59.809,High
1,0,0,1,0,0,4,41.101,45.14,High
1,0,0,1,0,0,6,22.212,92.702,Very High
1,0,0,1,0,0,6,39.474,76.998,Medium
1,0,0,1,0,0,7,39.3,76.5,High
1,0,0,1,0,0,5,39.422,76.839,Low
1,0,0,1,0,0,6,39.527,76.941,High
1,0,0,1,0,0,6,41.083,114.5,Extreme
1,0,0,1,0,0,7,37.106,70.11,Extreme
1,0,0,1,0,0,6,37.075,70.089,Extreme
1,0,0,0,1,0,6,46.245,13.652,Extreme
1,0,0,1,0,0,6,38.717,48.507,Low
1,0,0,0,1,0,6,38.65,-28.626,High
1,0,1,0,0,0,7,-17.731,-65.431,Medium
1,0,0,1,0,0,6,29.21,52.5,High
1,0,0,1,0,0,7,10.2,13.2,Extreme
1,0,0,1,0,0,6,1.14,128.5,High
1,0,0,1,0,0,8,45.1,147.51,Extreme
1,0,0,0,1,0,8,45.1,147.51,Extreme
1,1,0,0,0,0,6,35.52,0.12,Extreme
1,0,0,1,0,0,6,2.001,135.931,Medium
1,0,0,1,0,0,8,40.5,143.4,Extreme
1,0,0,1,0,0,7,13.352,121.087,Very High
1,0,0,1,0,0,6,7.972,123.189,Low
1,0,0,1,0,0,7,40.1,21.6,Medium
1,0,0,1,0,0,7,34.58,135,Extreme
1,0,0,1,0,0,7,2.1,101.3,Extreme
1,0,1,0,0,0,5,2.13,79.54,High
1,0,1,0,0,0,7,2.7,77.8,Low
1,1,0,0,0,0,6,28.8,34.8,High
1,0,0,0,1,0,7,40.1,21.6,High
1,0,0,0,1,0,6,38.4,22.2,High
1,0,0,1,0,0,6,1.02,120.5,Medium
1,0,0,1,0,0,5,37.925,139.186,Medium
1,0,1,0,0,0,7,16.8,98.6,Medium
1,0,1,0,0,0,8,16.2,104.1,High
1,0,1,0,0,0,7,16.8,93.4,High
1,0,0,1,0,0,7,21.966,99.196,High
1,0,0,1,0,0,7,12.01,125.6,High
1,0,0,0,1,0,8,52.5,142.9,Extreme
1,0,0,1,0,0,7,0.729,119.931,Extreme
1,0,0,1,0,0,8,1.1,137.15,Extreme
1,0,1,0,0,0,6,0.68,78.3,Very High
1,0,0,0,1,0,6,40.03,20.45,Very High
1,0,0,0,1,0,6,42.7,18,Very High
1,0,1,0,0,0,7,14.9,75.7,Extreme
0,0,1,0,0,0,7,9.593,79.587,Low
1,0,0,1,0,0,7,33.825,59.809,Extreme
1,0,0,1,0,0,6,29.976,68.208,High
1,0,0,1,0,0,6,4,119.4,Extreme
1,0,0,1,0,0,6,23.083,80.041,Extreme
1,0,0,1,0,0,6,37.661,57.291,Extreme
1,0,0,1,0,0,6,38.075,48.05,Extreme
1,0,0,1,0,0,6,33.938,71.872,Extreme
1,0,0,0,1,0,6,43,13,High
1,0,0,1,0,0,7,41.4,74.2,High
1,0,1,0,0,0,7,17.31,101.16,High
1,0,1,0,0,0,6,18,102.5,High
1,0,1,0,0,0,7,-0.593,-80.393,Medium
1,0,0,1,0,0,7,30.154,57.605,Medium
1,0,0,1,0,0,6,32.457,59.976,Medium
1,0,0,0,1,0,5,43.164,12.701,Low
0,0,0,0,0,1,7,-2.961,141.926,Extreme
1,0,1,0,0,0,5,34.17,118.27,Extreme
1,0,0,0,0,1,7,40.49,124.1,Extreme
1,0,0,1,0,0,7,21.966,99.196,Extreme
1,0,0,1,0,0,6,38,30.1,Extreme
1,0,0,1,0,0,6,40.754,35.34,Low
1,0,1,0,0,0,7,10.598,63.486,Extreme
0,0,0,0,0,1,8,-12.584,166.676,Extreme
1,0,1,0,0,0,7,11.112,60.892,Low
1,1,0,0,0,0,5,26.857,26.619,Medium
1,0,0,1,0,0,6,27.308,101.029,Extreme
1,0,0,0,1,0,6,46.245,13.652,Extreme
1,0,0,1,0,0,6,3.878,35.307,Extreme
1,0,0,1,0,0,5,36.874,35.321,Extreme
1,0,0,1,0,0,6,36.479,71.086,Extreme
1,0,0,0,1,0,5,41.925,20.39,Extreme
1,0,0,1,0,0,5,26.373,104.021,High
1,0,0,1,0,0,5,39.977,76.731,High
1,0,0,1,0,0,6,37.388,78.843,Medium
1,0,0,1,0,0,6,39.66,77.343,Low
1,0,0,1,0,0,5,27.213,101.057,Medium
1,0,1,0,0,0,6,4.461,-75.724,Extreme
1,0,0,1,0,0,6,34.259,69.364,Extreme
1,0,0,1,0,0,5,40.802,47.448,Low
1,0,0,1,0,0,5,21.544,91.895,Very High
1,0,0,1,0,0,5,41.131,114.658,Low
1,0,0,1,0,0,5,40.459,122.889,Low
1,0,0,1,0,0,7,40.245,49.946,Extreme
1,0,0,1,0,0,4,21.431,91.762,Extreme
1,0,0,1,0,0,6,25.607,101.063,Extreme
1,0,0,1,0,0,5,24.263,103.797,Low
1,0,0,1,0,0,5,40.498,122.994,Medium
1,0,0,1,0,0,6,37.012,103.791,Low
1,0,0,1,0,0,5,25.826,102.194,Extreme
1,0,1,0,0,0,7,7.042,-77.829,Extreme
1,0,0,1,0,0,6,36.424,70.881,Extreme
1,0,0,1,0,0,6,29.513,101.129,Very High
1,0,0,1,0,0,5,27.791,53.608,Very High
1,0,0,1,0,0,6,36.479,71.086,Low
1,0,0,1,0,0,8,-2.071,124.891,High
1,0,0,1,0,0,6,-8.194,112.413,High
1,0,0,1,0,0,5,33.199,47.225,High
1,0,1,0,0,0,4,11.968,86.254,Low
1,0,1,0,0,0,7,18.386,-97.436,Very High
1,0,1,0,0,0,7,-16.66,-72.662,Medium
1,1,0,0,0,0,6,35.321,-1.281,Very High
1,0,0,0,1,0,6,38.193,-1.566,Low
1,0,0,0,1,0,6,38.119,23.605,Extreme
1,0,1,0,0,0,7,15.782,88.33,Medium
1,0,0,1,0,0,7,-6.845,105.555,Extreme
1,0,0,1,0,0,7,30.512,79.403,Extreme
1,0,0,1,0,0,7,28.343,57.193,Extreme
1,0,0,1,0,0,7,29.501,51.88,High
1,0,0,1,0,0,5,36.92,54.9,High
1,0,1,0,0,0,8,16.1,96.7,Extreme
1,0,1,0,0,0,6,18.324,-101.539,Extreme
1,0,1,0,0,0,4,-13.64,-74.43,Medium
1,0,0,1,0,0,7,15.766,119.74,Medium
1,0,0,0,1,0,3,42.962,46.954,Medium
1,0,0,0,1,0,7,43.21,46.82,Low
1,0,0,1,0,0,7,-4.646,102.102,Extreme
1,0,0,1,0,0,7,35.456,133.134,Very High
1,0,0,0,1,0,7,48.786,142.246,Low
1,0,0,1,0,0,8,-1.105,123.573,Extreme
1,0,0,0,0,1,8,-3.98,152.169,Extreme
1,0,0,0,1,0,6,38.922,20.64,Extreme
1,0,0,1,0,0,5,-6.675,106.845,Very High
1,0,0,1,0,0,7,-6.549,105.63,Very High
1,0,0,1,0,0,7,-4.612,101.905,Very High
1,0,0,1,0,0,5,35.288,58.218,Low
1,0,0,1,0,0,5,35.217,58.175,Low
1,0,0,0,1,0,7,63.98,-20.758,Low
1,0,0,0,1,0,7,63.966,-20.487,Low
1,0,0,1,0,0,6,34.221,139.131,Low
1,0,1,0,0,0,7,18.198,-102.48,Low
1,0,1,0,0,0,5,11.884,-85.988,Medium
1,0,1,0,0,0,8,13.049,-88.66,Low
1,0,0,1,0,0,8,23.419,70.232,High
1,0,0,1,0,0,5,23.419,70.232,High
1,0,0,0,0,1,8,-16.423,168.214,High
1,0,0,1,0,0,7,40.758,31.161,Extreme
1,0,0,1,0,0,8,23.772,120.982,Extreme
1,0,0,1,0,0,6,40.709,30.045,Extreme
1,0,0,1,0,0,5,40.709,30.045,Very High
1,0,0,1,0,0,5,40.711,29.949,Very High
1,0,0,1,0,0,6,40.74,30.26,Very High
1,0,0,1,0,0,6,23.445,120.506,Extreme
1,0,0,1,0,0,5,37.451,69.498,Extreme
1,0,0,1,0,0,7,39.566,54.799,Extreme
1,0,0,1,0,0,5,38.164,38.777,Extreme
1,0,0,1,0,0,6,40.693,32.992,High
1,1,0,0,0,0,7,-7.977,30.709,Low
1,0,1,0,0,0,5,38.3788333,-122.4133333,High
1,0,1,0,0,0,8,13.049,-88.66,Extreme
1,0,1,0,0,0,7,13.671,-88.938,Extreme
1,0,0,1,0,0,6,24.768,99.061,Very High
1,1,0,0,0,0,4,-9.278,33.766,Very High
1,0,0,1,0,0,5,35.169,69.389,Low
1,0,0,1,0,0,6,27.689,101.003,Extreme
1,0,0,1,0,0,5,24.455,102.66,Extreme
1,0,0,1,0,0,6,26.316,100.648,Extreme
1,0,0,1,0,0,6,36.429,70.438,Low
1,0,0,1,0,0,6,36.062,69.315,Extreme
1,0,0,1,0,0,6,35.959,69.417,Very High
1,0,1,0,0,0,6,-28.937,-66.797,Medium
1,0,0,1,0,0,5,30.916,99.927,Medium
1,0,0,1,0,0,6,39.736,97.443,Medium
1,1,0,0,0,0,4,30.2,31.41,Medium
1,0,0,1,0,0,6,39.61,77.23,Extreme
1,0,0,0,0,1,6,-6.884,146.388,Low
0,0,1,0,0,0,8,-16.265,-73.641,Extreme
1,0,0,0,1,0,7,39.059,24.244,Extreme
1,0,0,1,0,0,5,-6.99,108.275,Low
1,0,0,1,0,0,7,-4.68,102.562,Low
1,0,0,1,0,0,5,33.007,60.276,Low
1,0,0,1,0,0,7,34.083,132.526,Very High
1,0,1,0,0,0,6,-15.35,-72.516,Low
1,0,1,0,0,0,6,-14.258,-72.683,Low
1,0,0,1,0,0,6,37.238,36.206,Very High
1,0,0,1,0,0,5,39.832,41.623,Medium
1,0,0,1,0,0,7,24.279,122.179,Very High
0,0,0,1,0,0,8,-1.757,134.297,Extreme
1,0,0,1,0,0,5,41.765,44.96,High
1,0,0,0,1,0,6,41.789,14.872,Medium
1,0,0,1,0,0,5,35.517,74.654,High
1,0,0,1,0,0,6,35.414,74.515,Medium
1,0,0,1,0,0,7,13.036,93.068,Medium
1,0,0,1,0,0,8,6.033,124.249,High
1,0,0,0,0,1,8,-3.302,142.945,High
1,0,0,0,1,0,6,37.747,21.087,Low
1,0,0,1,0,0,6,-1.196,121.333,Medium
1,0,0,1,0,0,6,-1.68,134.234,Medium
1,0,0,1,0,0,7,2.824,96.085,High
1,0,0,1,0,0,5,28.093,51.755,Medium
1,0,0,1,0,0,5,34.642,47.4,High
1,0,0,1,0,0,7,35.626,49.047,Extreme
1,0,0,1,0,0,5,34.594,47.454,Low
1,0,0,1,0,0,6,31.995,49.329,Low
1,0,0,0,1,0,4,37.67,15.267,Low
1,0,0,0,1,0,6,38.381,13.701,Low
1,0,0,1,0,0,6,36.429,70.438,Low
1,0,0,0,0,1,7,-3.212,142.427,Low
1,1,0,0,0,0,5,-1.684,29.077,Very High
1,0,0,0,1,0,6,42.436,21.466,High
1,0,0,1,0,0,5,38.673,69.902,Medium
1,0,0,1,0,0,6,36.429,70.438,Medium
1,0,0,1,0,0,7,38.573,31.271,Extreme
1,1,0,0,0,0,6,-2.907,33.733,Extreme
1,0,1,0,0,0,8,18.77,-104.104,Extreme
1,0,0,1,0,0,6,-8.807,118.524,Low
1,0,0,1,0,0,5,29.59,51.474,High
1,0,0,1,0,0,6,39.5,39.878,Low
1,0,1,0,0,0,7,47.149,-122.7266667,Extreme
1,0,0,0,0,1,7,-17.6,167.856,Extreme
1,0,0,0,0,1,6,-14.49,167.827,Low
1,0,0,1,0,0,5,35.893,70.62,Low
1,0,0,1,0,0,6,22.854,92.306,Medium
1,0,0,1,0,0,6,25.975,101.29,Extreme
1,0,1,0,0,0,6,19.777,-70.673,Low
1,0,0,0,1,0,6,39.16,20.605,Medium
1,1,0,0,0,0,7,36.964,3.634,Extreme
1,0,0,1,0,0,6,37.529,96.476,Extreme
1,0,0,1,0,0,6,39.43,77.219,Low
1,0,0,1,0,0,5,43.77,119.643,Extreme
1,0,0,1,0,0,6,25.954,101.254,High
1,0,0,1,0,0,6,38.383,100.975,Medium
1,0,0,1,0,0,5,34.712,103.834,Very High
1,0,0,1,0,0,6,27.372,103.971,High
1,0,0,1,0,0,6,42.905,80.515,High
1,0,0,1,0,0,5,27.283,103.753,Low
1,0,1,0,0,0,7,8.416,-82.824,High
1,1,0,0,0,0,6,36.939,3.578,Very High
1,0,0,1,0,0,7,2.354,128.855,Low
1,0,0,1,0,0,6,1.142,128.152,Low
1,0,0,1,0,0,7,-3.615,135.538,Extreme
1,0,0,1,0,0,7,-3.609,135.404,Extreme
1,0,1,0,0,0,6,9.602,-84.172,Extreme
1,0,0,1,0,0,8,-8.152,124.868,Extreme
1,0,0,1,0,0,5,33.426,69.524,Medium
1,1,0,0,0,0,5,-3.393,29.558,Medium
0,0,0,1,0,0,9,3.295,95.982,Medium
1,0,0,1,0,0,6,45.382,118.256,High
1,0,0,1,0,0,5,27.266,103.873,Extreme
1,0,0,1,0,0,5,25.073,99.169,Low
1,0,0,1,0,0,5,34.682,103.781,Low
1,0,0,1,0,0,6,37.506,96.758,Low
1,0,1,0,0,0,5,2.265,-76.595,Low
1,0,1,0,0,0,7,4.695,-77.508,Low
1,0,0,0,1,0,5,48.115,8.077,Low
1,0,1,0,0,0,6,15.679,-61.706,Low
1,1,0,0,0,0,5,36.852,3.418,Extreme
1,1,0,0,0,0,5,36.848,3.448,Low
1,0,1,0,0,0,6,15.679,-61.706,Low
1,0,0,1,0,0,6,-8.31,115.788,Medium
1,0,0,1,0,0,5,-0.466,100.655,Low
1,0,0,1,0,0,9,2.085,97.108,Extreme
1,0,0,1,0,0,6,-1.198,119.933,Low
1,0,0,1,0,0,7,38.849,141.568,Very High
1,0,0,1,0,0,7,41.774,143.593,Extreme
1,0,0,0,1,0,5,44.792,8.892,Low
1,0,0,1,0,0,6,38.432,141.003,Extreme
1,0,0,0,1,0,7,50.038,87.813,Low
1,0,0,1,0,0,5,35.476,60.784,Low
1,0,0,1,0,0,6,28.355,54.169,Medium
1,0,0,1,0,0,5,31.953,49.209,Low
1,0,0,1,0,0,6,42.946,72.764,Extreme
1,0,1,0,0,0,5,9.355,-79.941,Extreme
1,0,1,0,0,0,7,8.416,-82.824,High
1,0,0,1,0,0,6,39.007,40.464,Extreme
1,0,0,1,0,0,5,38.111,28.887,Extreme
1,0,0,1,0,0,6,38.221,26.958,Very High
1,0,1,0,0,0,7,35.7005,-121.1005,Medium
1,0,0,1,0,0,7,37.226,138.779,Extreme
1,0,0,1,0,0,6,36.29,51.61,Extreme
1,0,0,1,0,0,6,34.774,73.216,High
1,0,0,0,1,0,5,46.296,13.641,Low
1,0,0,1,0,0,4,39.57,67.479,Low
1,0,0,1,0,0,6,39.847,40.874,Medium
0,1,0,0,0,0,9,3.295,95.982,Medium
0,0,0,1,0,0,9,3.295,95.982,Extreme
0,0,0,1,0,0,9,3.295,95.982,Extreme
0,0,0,1,0,0,9,3.295,95.982,Extreme
1,1,0,0,0,0,6,35.142,-3.997,Extreme
0,0,0,1,0,0,9,3.295,95.982,Extreme
1,0,0,0,1,0,5,47.311,142.12,Extreme
0,1,0,0,0,0,9,3.295,95.982,Extreme
0,1,0,0,0,0,9,3.295,95.982,Extreme
1,0,0,1,0,0,6,39.93,40.812,Medium
1,0,0,1,0,0,5,39.766,43.979,Medium
0,1,0,0,0,0,9,3.295,95.982,Medium
1,0,0,1,0,0,7,33.807,130.131,Extreme
1,0,0,1,0,0,6,33.637,130.179,High
1,0,1,0,0,0,5,13.835,-89.759,Low
1,0,0,1,0,0,5,37.103,54.574,Very High
1,0,0,1,0,0,6,30.754,56.816,Extreme
1,0,0,1,0,0,6,37.622,43.703,Medium
1,0,0,1,0,0,6,39.354,40.89,Low
1,1,0,0,0,0,5,-26.913,26.789,High
1,0,0,1,0,0,8,34.539,73.588,Extreme
1,0,1,0,0,0,8,-19.987,-69.197,Very High
1,0,0,1,0,0,8,34.539,73.588,Very High
1,0,0,1,0,0,7,36.357,71.093,Low
1,0,0,1,0,0,5,29.671,115.688,Extreme
1,0,0,1,0,0,5,26.569,103.036,Low
1,0,0,1,0,0,6,26.774,55.858,High
1,0,0,1,0,0,6,27.095,61.887,High
1,0,0,1,0,0,5,28.012,104.151,Medium
1,0,0,1,0,0,6,0.626,99.859,Very High
0,0,0,1,0,0,7,-3.595,127.214,Low
1,0,0,1,0,0,6,37.255,68.828,Low
1,0,0,0,1,0,5,41.708,25.544,Low
1,0,0,1,0,0,5,23.282,101.693,Low
1,0,0,1,0,0,5,27.995,104.138,Very High
1,0,0,1,0,0,5,33.068,104.95,Low
1,0,0,1,0,0,5,31.56,113.21,Low
1,0,0,1,0,0,5,43.469,119.558,Low
1,1,0,0,0,0,5,36.623,5.328,Low
1,0,0,1,0,0,6,-8.261,118.753,Low
0,0,0,1,0,0,8,-9.284,107.419,Extreme
1,0,0,1,0,0,6,28.12,56.865,Low
1,0,0,1,0,0,6,33.5,48.78,Extreme
1,0,0,1,0,0,5,30.79,56.7,High
1,0,0,1,0,0,6,42.156,76.163,High
1,0,0,1,0,0,7,37.336,136.588,Extreme
0,0,1,0,0,0,6,-45.243,-72.648,Extreme
1,0,0,1,0,0,6,-0.488,100.53,Extreme
1,0,1,0,0,0,8,-19.987,-69.197,Extreme
1,0,1,0,0,0,8,-5.678,-76.398,High
1,0,0,0,0,1,6,-6.319,146.846,High
1,0,0,1,0,0,6,39.22,41.08,High
1,1,0,0,0,0,7,-6.224,29.83,High
1,1,0,0,0,0,7,-6.224,29.83,Low
1,0,1,0,0,0,7,19.878,-155.935,Low
1,1,0,0,0,0,7,-21.324,33.583,Medium
1,0,0,0,1,0,8,60.949,167.089,Medium
1,0,1,0,0,0,4,14.028,-89.785,Medium
1,0,0,1,0,0,6,37.255,68.828,Low
1,0,0,1,0,0,7,21.799,120.547,Medium
0,0,0,0,0,1,8,-8.466,157.043,Low
1,0,1,0,0,0,7,14.944,-61.274,Low
1,0,1,0,0,0,5,-15.048,-44.231,Low
1,0,1,0,0,0,8,-22.247,-69.89,Very High
1,0,0,1,0,0,6,23.028,101.052,Extreme
1,0,0,1,0,0,6,32.756,105.494,Medium
1,0,0,1,0,0,6,25.039,97.697,Very High
1,0,0,1,0,0,5,34.185,70.076,High
1,0,0,1,0,0,7,37.535,138.446,Extreme
1,0,1,0,0,0,8,-13.386,-76.603,Extreme
1,0,0,1,0,0,8,-4.438,101.367,High
1,0,1,0,0,0,7,2.966,-77.963,Low
1,0,0,0,1,0,5,51.085,1.009,Low
1,0,1,0,0,0,5,14.828,-87.12,Low
1,0,0,1,0,0,5,-7.783,114.338,Low
1,0,0,1,0,0,7,-8.292,118.37,Extreme
1,0,0,1,0,0,5,34.807,136.239,Low
1,0,1,0,0,0,7,14.944,-61.274,Low
1,0,1,0,0,0,7,14.944,-61.274,High
1,0,1,0,0,0,6,4.33,-73.764,High
1,0,0,0,1,0,6,37.963,21.525,Extreme
1,0,0,1,0,0,7,39.03,140.881,Extreme
1,0,0,1,0,0,7,39.802,141.464,Very High
1,0,0,1,0,0,6,30.639,67.351,Extreme
1,0,0,1,0,0,6,26.241,101.889,Extreme
1,0,0,1,0,0,6,29.807,90.35,Low
1,0,0,1,0,0,5,23.97,97.569,Low
1,0,0,1,0,0,6,32.56,105.423,Extreme
1,0,0,1,0,0,7,2.768,95.964,Medium
1,0,0,1,0,0,5,-3.935,103.058,High
1,0,0,1,0,0,7,1.271,122.091,High
1,0,0,1,0,0,5,33.86,48.59,Very High
1,0,0,1,0,0,6,26.743,55.828,Medium
1,0,0,1,0,0,6,40.288,72.985,Medium
1,0,0,1,0,0,7,39.533,73.824,Very High
1,0,1,0,0,0,6,10.165,-84.197,High
1,0,1,0,0,0,7,16.731,-86.217,Very High
1,0,0,0,1,0,6,42.334,13.334,Extreme
1,0,0,1,0,0,5,43.236,80.893,Extreme
1,0,0,1,0,0,6,25.632,101.095,Extreme
1,0,0,1,0,0,8,-0.414,132.885,Extreme
1,0,0,1,0,0,7,3.886,126.387,High
1,0,0,0,1,0,6,47.116,141.798,Low
1,0,0,1,0,0,5,38.936,70.485,Low
1,0,0,0,1,0,6,43.372,46.254,High
1,1,0,0,0,0,6,-2.296,28.9,Extreme
1,0,1,0,0,0,6,41.1444,-114.8721,Low
1,1,0,0,0,0,6,-2.296,28.9,Low
0,0,0,0,0,1,8,-15.489,-172.095,Low
1,0,0,0,1,0,6,41.483,20.388,Low
1,0,0,1,0,0,8,-15.489,-172.095,Low
1,0,0,1,0,0,6,42.66,43.443,Low
1,0,0,1,0,0,6,35.633,67.658,High
1,0,0,1,0,0,4,25.558,105.804,Low
1,0,0,1,0,0,5,30.268,105.668,Low
1,0,0,1,0,0,5,25.523,101.903,Low
1,0,0,1,0,0,7,33.165,96.548,Extreme
1,0,0,1,0,0,5,27.197,103.005,Low
1,0,0,1,0,0,5,43.015,88.247,Low
1,0,0,1,0,0,7,27.73,88.155,Low
1,0,0,1,0,0,5,24.693,97.943,Low
1,0,0,1,0,0,6,24.727,97.957,Extreme
1,0,0,1,0,0,7,20.687,99.822,Low
1,0,0,1,0,0,7,27.73,88.155,Very High
1,0,0,1,0,0,6,43.648,82.437,Very High
1,0,0,0,1,0,5,37.699,-1.672,Extreme
1,0,1,0,0,0,6,14.186,-90.238,Extreme
0,0,0,1,0,0,6,34.743,138.264,Extreme
1,0,0,1,0,0,7,-7.782,107.297,Extreme
0,0,0,0,0,1,8,-15.489,-172.095,Low
1,0,0,1,0,0,8,-0.72,99.867,High
1,0,0,1,0,0,5,27.334,56.202,Extreme
1,1,0,0,0,0,6,-9.948,33.878,Low
1,1,0,0,0,0,6,-10.108,33.818,Very High
1,0,0,1,0,0,6,6.513,124.715,Low
1,0,0,0,0,1,7,-8.783,157.354,Low
1,0,0,1,0,0,7,-2.174,136.543,Low
0,0,0,1,0,0,8,-3.487,100.082,Extreme
1,0,0,1,0,0,5,32.45,48.3,Extreme
1,0,0,1,0,0,6,35.221,59.317,Extreme
1,0,0,1,0,0,6,27.022,53.861,Medium
1,0,0,1,0,0,5,33.37,48.94,Very High
1,0,0,1,0,0,7,28.412,59.18,Medium
1,0,0,1,0,0,6,35.49,54.47,High
1,0,1,0,0,0,7,32.2861667,-115.2953333,Extreme
1,0,0,0,0,1,7,-43.522,171.83,Low
1,0,0,1,0,0,5,38.245,71.467,Low
1,0,0,1,0,0,6,38.864,39.986,High
1,0,0,1,0,0,6,22.918,120.795,High
1,0,1,0,0,0,7,40.652,-124.6925,Medium
1,0,0,1,0,0,7,27.73,88.155,Very High
1,0,0,0,0,1,6,-43.564,172.743,Medium
0,0,0,1,0,0,9,38.297,142.373,Medium
1,0,0,1,0,0,7,2.965,97.893,Medium
1,0,0,1,0,0,7,38.276,141.588,Very High
1,0,0,1,0,0,6,40.081,71.41,Very High
1,0,0,1,0,0,7,20.687,99.822,Very High
1,0,0,1,0,0,7,27.73,88.155,High
1,0,0,0,0,1,6,-43.583,172.68,Extreme
1,0,0,1,0,0,7,28.777,63.951,Extreme
1,0,0,1,0,0,7,20.687,99.822,Low
1,0,0,1,0,0,6,40.081,71.41,Low
1,0,0,1,0,0,6,39.149,29.103,Very High
1,0,0,1,0,0,7,38.721,43.508,Extreme
0,0,0,0,0,1,8,-15.489,-172.095,Extreme
1,0,0,0,1,0,6,43.76,20.73,Very High
1,0,0,1,0,0,6,40.081,71.41,Very High
1,0,0,1,0,0,6,39.955,77.028,Medium
1,0,0,1,0,0,6,36.023,69.351,Low
1,0,0,1,0,0,6,41.549,46.789,Medium
1,0,0,1,0,0,5,41.439,46.789,Medium
1,0,0,0,1,0,6,42.645,22.968,High
1,0,1,0,0,0,7,-35.2,-72.217,Low
1,0,0,1,0,0,6,27.767,100.781,Extreme
1,0,0,1,0,0,6,43.433,84.7,High
1,0,0,1,0,0,6,27.575,103.983,Extreme
1,0,0,1,0,0,5,32.978,119.593,Low
1,0,0,1,0,0,5,38.745,88.098,Low
1,0,0,1,0,0,6,39.383,81.307,Extreme
1,0,1,0,0,0,8,10.085,-85.315,Extreme
1,0,1,0,0,0,7,13.988,-91.895,Very High
1,0,0,1,0,0,9,2.327,93.063,Very High
1,0,0,1,0,0,6,-1.315,120.096,Medium
1,0,0,1,0,0,6,38.329,46.826,Extreme
1,0,0,1,0,0,6,33.506,59.571,Medium
1,0,0,1,0,0,5,36.288,58.835,Extreme
1,0,0,0,1,0,6,44.89,11.23,Medium
1,0,0,0,1,0,6,44.851,11.086,Extreme
1,0,0,1,0,0,6,34.512,104.262,Extreme
1,0,0,1,0,0,6,28.2425,99.3502,Medium
1,0,0,1,0,0,6,4.645,96.665,Extreme
1,0,0,1,0,0,6,34.526,70.22,Very High
1,0,0,1,0,0,5,25.98,99.812,Medium
1,0,0,1,0,0,7,30.308,102.888,Extreme
1,0,0,1,0,0,5,44.5993,124.1681,Extreme
1,0,0,1,0,0,5,31.066,110.412,Extreme
1,0,0,1,0,0,5,25.953,99.782,Low
1,0,0,1,0,0,5,40.253,78.944,Low
1,0,1,0,0,0,7,1.135,-77.393,Low
1,0,1,0,0,0,6,14.6056,-92.1207,High
1,0,0,0,1,0,4,47.624,20.227,High
1,0,0,1,0,0,6,4.927,95.907,Low
1,0,0,1,0,0,5,5.1033,95.9709,Low
1,0,0,1,0,0,6,33.061,75.863,High
1,0,0,1,0,0,6,28.428,51.593,Extreme
1,0,0,1,0,0,8,28.033,61.996,Medium
1,0,0,1,0,0,6,29.32,51.31,Very High
1,0,0,1,0,0,6,34.369,134.828,Medium
1,0,1,0,0,0,8,-19.61,-70.769,Medium
1,0,0,1,0,0,7,35.9053,82.5864,Medium
1,0,0,1,0,0,5,28.174,103.619,Medium
1,0,0,0,1,0,6,38.2082,20.4528,Medium
1,0,0,1,0,0,5,27.1502,54.4482,Medium
1,0,1,0,0,0,7,17.986,-99.789,Low
1,0,1,0,0,0,7,-14.438,-75.966,Very High
1,0,0,1,0,0,5,7.904,125.195,Low
1,0,0,1,0,0,6,38.429,43.229,Medium
1,0,0,1,0,0,7,23.005,95.885,Extreme
1,0,0,1,0,0,7,9.999,123.206,Very High
1,0,1,0,0,0,7,16.493,-98.231,Low
1,0,1,0,0,0,6,-14.168,-75.635,Very High
1,0,0,1,0,0,6,7.905,125.044,Low
1,0,0,1,0,0,8,10.811,126.638,Low
1,0,0,1,0,0,6,38.612,70.354,Low
0,0,0,0,0,1,8,-10.799,165.114,Low
1,0,0,0,0,1,7,-41.704,174.337,Low
1,0,0,1,0,0,8,28.033,61.996,Very High
1,0,0,1,0,0,8,26.951,65.5009,Extreme
1,0,0,1,0,0,7,27.1825,65.5052,Medium
1,0,1,0,0,0,7,-15.8385,-74.5112,Medium
1,0,0,1,0,0,6,23.789,121.141,Low
1,0,0,1,0,0,6,23.828,121.215,High
1,0,1,0,0,0,7,17.397,-100.9723,High
1,0,1,0,0,0,7,11.642,-85.8779,Extreme
1,0,0,1,0,0,6,19.6557,99.6696,Medium
1,0,0,1,0,0,8,36.5244,70.3676,Extreme
1,0,0,1,0,0,6,36.4935,71.1263,Low
1,0,0,1,0,0,8,28.2305,84.7314,Very High
1,0,0,1,0,0,7,24.804,93.65,High
1,0,0,1,0,0,6,27.1891,103.4086,Extreme
1,1,0,0,0,0,5,-12.228,44.3,Extreme
1,0,1,0,0,0,5,-0.018,-78.322,Low
1,0,0,1,0,0,6,24.974,97.844,Low
1,0,0,1,0,0,6,24.9997,97.845,Medium
1,0,0,1,0,0,6,23.3834,100.4702,Extreme
1,0,0,1,0,0,6,30.3398,101.7374,High
1,0,0,1,0,0,6,23.3577,100.533,Medium
1,1,0,0,0,0,6,36.8561,3.181,Extreme
1,0,0,0,1,0,7,40.2893,25.3889,Low
1,0,1,0,0,0,7,14.724,-92.4614,Extreme
1,0,0,1,0,0,6,32.5827,47.7037,Extreme
1,0,0,1,0,0,6,36.6408,137.8875,Medium
1,0,1,0,0,0,7,14.724,-92.4614,Medium
1,0,1,0,0,0,6,6.7757,-72.9875,Low
1,0,0,1,0,0,6,5.987,116.541,Low
1,0,0,1,0,0,7,27.8087,86.0655,Extreme
0,0,1,0,0,0,8,-31.5729,-71.6744,Low
1,0,0,1,0,0,5,44.133,85.568,Low
1,0,0,1,0,0,5,23.566,98.854,Medium
1,0,0,1,0,0,8,28.2305,84.7314,Extreme
1,0,0,1,0,0,7,27.8087,86.0655,Extreme
1,0,0,1,0,0,6,37.4593,78.1542,Extreme
1,0,0,1,0,0,7,-0.621,131.262,High
1,0,0,1,0,0,8,28.2305,84.7314,Extreme
1,0,0,1,0,0,7,27.8087,86.0655,Extreme
1,0,0,1,0,0,8,36.5244,70.3676,Low
1,0,0,1,0,0,6,40.376,73.204,Low
1,0,0,1,0,0,8,36.5244,70.3676,Extreme
1,0,0,1,0,0,6,36.4935,71.1263,High
0,0,0,0,0,1,8,-42.725,173.064,Medium
1,0,1,0,0,0,8,0.382,-79.92,Extreme
1,0,0,1,0,0,7,39.238,74.047,Extreme
1,0,1,0,0,0,7,0.495,-79.62,High
1,0,0,1,0,0,6,-3.863,127.229,Low
1,0,0,1,0,0,6,-8.218,117.816,Low
1,0,0,1,0,0,7,5.281,96.108,Extreme
1,0,0,1,0,0,7,24.804,93.65,Extreme
1,0,0,0,1,0,6,42.723,13.187,Extreme
1,0,0,0,1,0,6,42.934,13.043,Medium
1,0,0,0,1,0,7,42.855,13.088,Low
1,0,0,1,0,0,7,32.788,130.7,Extreme
1,0,0,1,0,0,7,32.791,130.75,Extreme
1,0,0,1,0,0,6,35.37,133.812,Low
1,0,0,1,0,0,5,35.781,129.216,Medium
1,0,0,0,1,0,5,42.009,21.49,High
1,0,0,1,0,0,7,20.923,94.569,Low
1,0,0,1,0,0,7,36.473,71.13,Medium
1,0,0,1,0,0,7,40.7,48.6,High
1,0,0,1,0,0,8,39.88,76.2,High
1,0,0,0,1,0,7,42.1,19600,High
1,0,0,1,0,0,5,29.3,104.8,High
1,0,0,1,0,0,8,43.5,85.5,High
1,0,0,1,0,0,7,24.4,103,High
1,0,1,0,0,0,7,10,-84,High
1,0,0,1,0,0,7,24.15,102.45,Very High
1,0,0,1,0,0,7,29.5,91.5,Very High
1,0,0,0,1,0,6,40.2,20,Very High
1,0,1,0,0,0,6,-32.7,-68.4,Very High
1,0,1,0,0,0,5,1,-77.5,Very High
1,0,0,1,0,0,7,36.983,164,Very High
1,0,0,1,0,0,6,27,100,Very High
1,0,0,0,1,0,6,40.5,19.5,Very High
1,0,0,0,1,0,5,40.3,19.6,Very High
1,0,0,1,0,0,6,26.8,103,Very High
1,0,0,1,0,0,6,30,100,Very High
1,0,0,0,1,0,6,40.6,20.8,Very High
1,0,0,1,0,0,6,39.2,46,Very High
1,0,0,1,0,0,8,46.817,89.915,Very High
1,0,0,1,0,0,5,29.5,102.5,Very High
1,0,0,1,0,0,6,28.7,103.6,Very High
1,0,0,1,0,0,7,35.4,103.4,Very High
1,0,0,1,0,0,6,34.2,105.7,Medium
1,0,0,1,0,0,6,26.6,103,Medium
1,0,1,0,0,0,7,1.1,-77.6,Medium
1,0,1,0,0,0,7,1.2,-77.3,Medium
1,0,0,1,0,0,7,35.259,115.184,Medium
1,0,0,1,0,0,6,23.9,102.3,Extreme
1,0,0,1,0,0,6,40.2,122,Extreme
1,0,0,1,0,0,6,47,127.2,Extreme
1,0,0,1,0,0,6,31.7,102.3,Low
1,0,0,0,1,0,6,41.7,20.4,Very High
1,0,0,1,0,0,7,23.1,100.3,Very High
1,0,0,1,0,0,6,39.5,119,Medium
1,0,0,1,0,0,7,29.5,100.5,Very High
1,0,0,1,0,0,7,26.4,99.7,Extreme
1,0,0,1,0,0,7,42,84,Low
1,0,0,1,0,0,6,26.7,100,Low
1,0,0,1,0,0,7,30.648,91.601,Low
1,0,0,1,0,0,6,22.9,99.7,Low
1,0,1,0,0,0,6,10.3,-83.5,Low
1,0,1,0,0,0,6,10,-84.5,Low
1,0,1,0,0,0,6,38.2151667,-122.3123333,Extreme
1,0,1,0,0,0,5,-13.843,-71.695,Low
1,0,0,1,0,0,7,40.2893,25.3889,Extreme
1,1,0,0,0,0,5,-26.9899,26.7048,Low
1,0,0,1,0,0,7,38.2107,72.7797,Low
1,1,0,0,0,0,6,-2.091,28.952,Medium
1,0,0,1,0,0,7,-8.3381,124.8754,Low
1,0,0,1,0,0,6,22.938,120.6,Extreme
1,0,0,0,0,1,8,-10.676,161.33,Low
1,0,1,0,0,0,5,-15.64,-71.68,High
1,0,1,0,0,0,6,-15.321,-70.823,Low
1,0,0,1,0,0,5,38.883,70.626,Low
1,1,0,0,0,0,6,1.036,31.618,Extreme
1,1,0,0,0,0,6,-1.036,31.618,Extreme
1,0,1,0,0,0,5,35.991,-96.803,Extreme
1,0,0,1,0,0,6,43.823,86.345,Extreme
1,0,0,1,0,0,5,26.077,99.539,Extreme
1,0,0,1,0,0,7,33.193,103.855,Extreme
1,0,0,1,0,0,5,33.193,103.855,Low
1,0,0,1,0,0,5,33.193,103.855,Medium
1,0,0,1,0,0,6,29.833,94.978,Low
1,0,0,1,0,0,5,45.279,124.557,Low
1,0,0,1,0,0,5,24.332,102.941,Medium
1,0,0,0,1,0,5,40.501,20.722,Low
1,0,0,0,1,0,6,41.381,19.454,Very High
1,0,1,0,0,0,7,-30.074,-71.423,Very High
1,0,0,1,0,0,5,29.498,104.632,Low
1,0,0,1,0,0,6,28.405,104.957,Extreme
1,0,0,1,0,0,5,29.573,105.064,High
1,0,1,0,0,0,8,-5.812,-75.27,Low
1,0,1,0,0,0,8,-2.199,-77.023,Low
1,0,0,1,0,0,7,35.2,58.2,Low
1,0,0,1,0,0,6,32.2,35.3,Low
1,0,0,0,1,0,6,37.75,27,Low
1,0,0,1,0,0,8,34,132,Low
1,0,0,1,0,0,7,35.4,136.3,Low
1,0,0,1,0,0,7,30,68,Low
1,0,0,0,1,0,7,38.9,-8.8,Low
1,0,0,1,0,0,7,32.23,57.03,Low
1,0,0,1,0,0,8,28,130,Low
1,0,0,1,0,0,8,43.5,77.5,Low
1,0,1,0,0,0,8,17.5,-102.5,Medium
1,0,0,1,0,0,7,38.2,72.8,Medium
1,0,0,1,0,0,8,5.354,126.121,Medium
1,0,0,0,1,0,6,38.8,20.6,Medium
1,0,0,0,1,0,5,37.7,15.2,Medium
1,0,1,0,0,0,5,-15.2,-73.2,Medium
1,0,1,0,0,0,8,19.26,-96.97,Very High
1,0,0,1,0,0,8,32.7,130.3,Very High
1,0,0,1,0,0,6,36.617,57.046,Very High
1,0,0,1,0,0,7,29.196,56.833,Very High
1,0,0,1,0,0,7,-7.3,109.8,Very High
1,0,0,1,0,0,7,9.782,123.064,Very High
1,0,0,1,0,0,6,34.6,58.1,Very High
1,0,0,1,0,0,7,35.423,135.007,Very High
1,0,0,0,1,0,6,43.667,13.267,Very High
1,0,0,1,0,0,6,17.4,95.5,Very High
1,0,1,0,0,0,6,12.1,-86.2,Very High
1,0,0,1,0,0,6,38.4,68.5,Very High
1,0,0,0,1,0,7,40.5,23.9,Extreme
1,0,0,1,0,0,7,-3.57,128.35,Extreme
1,0,1,0,0,0,8,19.5,-104.25,Very High
1,0,1,0,0,0,7,19,-104.5,Very High
1,0,0,1,0,0,5,36.6,53.4,Very High
1,0,0,0,1,0,5,42,14.2,Very High
1,0,0,1,0,0,6,36.3,53.3,Very High
1,0,0,1,0,0,6,36.3,53.5,Very High
1,0,0,1,0,0,8,4.5,126.5,Very High
1,0,0,1,0,0,6,33,60,Very High
1,0,1,0,0,0,6,13.2,-88.7,Very High
1,0,0,1,0,0,8,14.575,121.68,Very High
1,0,1,0,0,0,8,18.8,-97.5,Very High
1,0,0,1,0,0,7,39.945,139.682,High
1,0,1,0,0,0,7,-12.5,-72,High
1,0,0,1,0,0,6,33.482,58.785,High
1,0,1,0,0,0,8,-14.819,-74.708,Medium
1,0,0,1,0,0,5,36.8,54.5,Medium
1,0,0,1,0,0,5,35.2,52.1,Medium
1,0,0,0,1,0,8,36.728,21.897,Low
1,0,0,0,1,0,7,38.532,20.425,Medium
1,0,0,1,0,0,7,-6,113,Medium
1,0,0,1,0,0,7,27.3,53.2,Medium
1,0,0,0,0,1,7,-9.3,147.1,Medium
1,0,0,1,0,0,7,41.831,143.525,Low
1,0,0,1,0,0,7,28.5,52.3,Low
1,0,0,0,1,0,7,39.8,22.1,Low
1,0,0,0,1,0,7,39.4,23.1,Very High
1,0,0,1,0,0,7,30.5,67,Very High
1,0,0,1,0,0,7,30.5,67,Extreme
1,0,1,0,0,0,8,15.022,-93.899,Extreme
1,0,1,0,0,0,7,18.55,-98.489,Extreme
1,0,0,0,1,0,6,38.915,26.371,Low
1,0,0,1,0,0,6,13.77,120.935,Low
1,0,0,0,1,0,7,36.925,27.414,Very High
1,0,0,0,1,0,5,42.601,27.414,Low
1,0,1,0,0,0,8,42.601,27.414,Low
1,0,0,1,0,0,7,-7.492,27.414,Medium
1,0,0,1,0,0,6,37.772,57.204,Extreme
1,0,0,1,0,0,7,34.911,45.959,Extreme
1,0,0,1,0,0,5,35.649,50.962,Very High
1,0,0,1,0,0,7,34.911,45.959,Extreme
1,0,0,0,1,0,4,34.911,45.959,Medium
1,0,0,1,0,0,6,34.911,45.959,Medium
1,0,0,1,0,0,5,36.065,129.27,High
1,0,0,1,0,0,7,9.907,125.452,Extreme
1,0,0,1,0,0,7,11.111,124.619,Extreme
0,0,0,1,0,0,8,-178,119.84,Extreme
1,0,0,1,0,0,7,-178,119.84,Extreme
1,0,0,0,0,1,8,-6.149,142.766,Extreme
1,0,0,1,0,0,7,-8.287,116.452,Extreme
1,0,1,0,0,0,6,20.034,-73.013,Extreme
1,0,0,1,0,0,6,-7.196,105.918,Low
1,0,0,1,0,0,6,-8.274,116.491,Very High
1,0,0,1,0,0,7,-8.325,116.577,Medium
1,0,0,1,0,0,6,34.645,46.179,Extreme
1,0,0,1,0,0,6,34.663,46.277,Extreme
1,0,0,1,0,0,6,34.304,45.74,Extreme
1,0,0,1,0,0,6,34.826,135.64,Extreme
1,0,1,0,0,0,7,16.646,-97.653,Low
1,0,1,0,0,0,7,-15.759,74.71,Very High
1,0,0,0,0,1,7,-6.307,142.62,Very High
1,0,0,0,0,1,7,-6.294,142.607,Very High
1,0,1,0,0,0,6,13.095,-88.099,Very High
1,0,0,1,0,0,6,38.637,139.48,Medium
1,0,1,0,0,0,7,13.243,-89.272,Medium
1,0,0,1,0,0,7,-0.586,128.034,Very High
1,0,0,1,0,0,5,-1.301,101.601,Medium
1,0,0,1,0,0,6,-8.418,116.52,Medium
1,0,0,1,0,0,7,-7.282,104.791,Low
1,0,0,1,0,0,7,-3.45,128.347,Very High
1,0,0,1,0,0,6,31.775,49.542,High
1,0,0,1,0,0,6,33.106,73.766,Extreme
1,0,1,0,0,0,8,-5.812,-75.27,Low
1,0,0,1,0,0,6,14.99,120.35,Extreme
1,0,0,1,0,0,6,9.32,125.99,High
1,0,0,1,0,0,6,20.807,121.986,High
1,0,0,1,0,0,6,6.714,125.009,Extreme
1,0,0,0,0,1,8,-4.051,152.6,Low
1,0,0,1,0,0,6,40.3,43.1,Low
1,0,0,1,0,0,6,39.1,42.4,Low
1,0,0,1,0,0,6,40.9,42.7,Low
1,0,0,1,0,0,6,23.5,120.5,Low
1,0,0,1,0,0,6,23.5,120.3,Very High
1,0,0,1,0,0,7,23.4,120.4,High
1,0,0,1,0,0,7,25,121.5,High
1,0,0,1,0,0,8,25.5,122.5,High
1,0,0,1,0,0,7,37.82,30.27,Extreme
1,0,0,1,0,0,7,23.7,120.9,Extreme
1,0,0,1,0,0,6,24,121,Low
1,0,0,1,0,0,6,23.9,120.9,High
1,0,0,1,0,0,8,24.5,122,High
1,0,0,1,0,0,5,39.7,42.8,High
1,0,0,1,0,0,7,39.897,41.891,High
1,0,0,1,0,0,6,41.2,42.8,High
1,0,0,1,0,0,6,38,30.5,High
1,0,1,0,0,0,6,34.3,-119.8,High
1,0,0,1,0,0,6,23.261,120.277,High
1,0,0,1,0,0,6,23.2,120.6,High
1,0,0,1,0,0,6,37.919,40.211,High
1,0,0,1,0,0,6,37.919,40.211,High
1,0,0,1,0,0,6,39.3,40.6,High
1,0,0,1,0,0,7,22.3,120.8,High
1,0,0,1,0,0,6,41.7,43.8,High
1,0,0,1,0,0,6,39.5,43.3,High
1,0,0,1,0,0,6,39.7,39.4,High
1,0,0,1,0,0,7,23.304,120.393,High
1,0,0,1,0,0,6,39.2,28.2,High
1,0,0,1,0,0,6,40.3,34.6,High
1,0,0,1,0,0,7,40.8,30.5,High
1,0,0,1,0,0,6,40.6,30.5,High
1,0,0,1,0,0,6,40,40,High
1,0,0,0,1,0,6,44.3,17,High
1,0,0,1,0,0,6,38.9,29.3,High
1,0,0,1,0,0,6,37.4,35.8,High
1,0,0,1,0,0,6,38.5,43.3,High
1,0,0,1,0,0,6,38.2,31.8,High
1,0,0,1,0,0,7,26.19,121.086,Extreme
1,0,0,1,0,0,7,40,40,Extreme
1,0,0,1,0,0,7,23.8,121.7,Extreme
1,0,0,1,0,0,8,22.9,121.5,Extreme
1,0,0,1,0,0,8,39.8,39.5,Extreme
1,0,0,1,0,0,8,41.4,26.3,Extreme
0,0,1,0,0,0,8,1.5,-79.5,Medium
1,0,0,1,0,0,7,22.078,121.105,High
1,0,0,1,0,0,6,27.861,54.528,High
1,0,0,1,0,0,7,36,136.7,High
1,0,0,1,0,0,7,24.411,122.094,Low
1,0,0,0,1,0,6,37.7,21.8,Very High
1,0,0,1,0,0,5,37.6,47.1,Very High
1,0,0,1,0,0,6,28.7,78.9,Very High
1,0,0,1,0,0,6,39.1,41.6,Very High
1,0,0,1,0,0,5,38.9,41.3,Low
1,0,0,1,0,0,7,5.121,96.286,Low
1,0,0,1,0,0,6,30.2,104.1,Low
1,0,1,0,0,0,7,6.747,-73.032,Low
1,1,0,0,0,0,5,35.5,-0.1,Low
1,0,0,1,0,0,6,39.5,40.4,Low
1,0,0,1,0,0,7,34,58.2,Low
1,0,1,0,0,0,7,16.519,-97.739,Low
1,1,0,0,0,0,7,27.575,33.895,Low
1,0,0,0,1,0,8,36.033,-10.613,High
1,1,0,0,0,0,8,36.033,-10.613,High
1,0,1,0,0,0,5,-9.9,-75.6,High
1,0,0,1,0,0,6,39.1,28.7,Medium
1,0,0,1,0,0,5,-7.2,109.1,Low
1,0,0,1,0,0,6,36.278,69.681,Low
1,0,0,0,1,0,4,43.8,13.3,Low
1,0,0,1,0,0,8,43.233,145.785,Medium
1,0,0,1,0,0,7,31.398,100.581,Medium
1,0,1,0,0,0,7,7.747,-77.688,Medium
1,0,1,0,0,0,6,-12.299,-76.352,Medium
1,0,0,0,1,0,6,46.302,13.197,Medium
1,0,0,0,0,1,8,-9.965,160.731,Low
1,0,0,1,0,0,6,41.145,108.129,Very High
1,0,0,1,0,0,5,39.672,28.66,Very High
1,0,1,0,0,0,4,17.25,-93.21,Very High
1,0,0,1,0,0,7,17.25,-93.21,Extreme
1,0,0,1,0,0,6,24.136,121.658,Extreme
1,0,0,1,0,0,6,40.89,28.173,Medium
1,0,1,0,0,0,7,35.77,-117.599,Medium
1,0,0,0,1,0,6,41.511,19.522,Extreme
1,0,0,1,0,0,5,29.573,105.064,High
1,0,0,0,1,0,5,29.573,105.064,Low
1,0,0,1,0,0,6,37.808,47.558,Extreme
1,0,0,1,0,0,7,6.754,124.985,Extreme
1,0,0,1,0,0,7,6.905,125.187,Extreme
1,0,0,1,0,0,7,6.708,125.188,Extreme
1,0,0,1,0,0,6,-2.976,118.901,Extreme
1,0,1,0,0,0,5,17.937,-66.727,Extreme
1,0,1,0,0,0,6,17.935,-66.883,Low
1,0,0,1,0,0,5,27.296,103.281,Medium
1,1,0,0,0,0,5,27.296,103.281,Medium
1,0,0,0,1,0,7,37.913,26.779,Low
1,0,0,0,1,0,5,45.897,15.966,Medium
1,0,0,0,1,0,6,45.422,16.255,Medium
1,0,0,1,0,0,6,2.911,128.248,Medium
1,0,0,1,0,0,6,38.543,44.447,High
1,0,0,1,0,0,6,38.543,44.447,High
1,0,0,1,0,0,7,37.745,141.749,High
1,0,1,0,0,0,7,15.916,-95.953,Medium
1,0,0,1,0,0,7,12.021,124.123,Low
1,0,0,1,0,0,7,38.39,44.367,Extreme
1,0,0,1,0,0,6,38.543,44.447,Medium
1,0,0,1,0,0,6,39.421,40.697,Medium
1,0,0,1,0,0,5,38.558,44.023,Low
1,0,0,1,0,0,7,37.913,26.779,Extreme
1,0,1,0,0,0,6,34.1,-119,Extreme
1,0,1,0,0,0,7,19.936,-155.098,Low
1,0,1,0,0,0,6,42.06,-122.55,Low
1,0,0,1,0,0,5,35.25833592,131.2933306,Medium
1,0,0,1,0,0,6,38.52876446,44.43550028,Medium
1,0,1,0,0,0,7,0.004823188,-80.19910171,Medium
1,0,0,1,0,0,6,8.016460765,119.2016304,Medium
1,1,0,0,0,0,5,32.0218367,29.50059802,Medium
1,0,1,0,0,0,4,9.588253759,83.9809916,Medium
0,0,1,0,0,0,7,0.993176602,-79.57599411,Medium
1,0,0,1,0,0,5,33.90348997,105.1567418,Medium
1,0,0,0,1,0,6,42.85898192,13.05406824,Medium
1,0,0,1,0,0,5,23.74806431,100.4256695,Medium
1,0,0,1,0,0,6,36.2250516,139.5920248,Medium
1,0,0,1,0,0,6,38.29221935,43.30933956,Medium
1,0,0,0,0,0,4,39.3399217,122.5459261,Medium
1,0,0,1,0,0,5,34.62613712,50.74444789,Medium
1,0,1,0,0,0,5,16.96205823,73.16651849,Medium
1,0,0,1,0,0,6,29.12845996,55.64626982,Medium
1,0,0,0,1,0,6,37.99397506,23.19628135,Medium
1,0,0,1,0,0,6,39.75080638,28.3273821,Medium
1,0,0,0,0,0,6,-0.846704529,120.757356,Medium
1,0,0,0,1,0,6,42.7736038,13.29921366,Medium
1,0,0,1,0,0,6,35.06847481,77.17916182,Medium
1,0,0,0,1,0,6,46.1940883,13.57199315,Medium
1,0,1,0,0,0,6,12.89070455,-88.42068414,Medium
1,0,0,1,0,0,6,39.72062919,75.78212417,Medium
1,0,0,0,0,1,7,-6.700106405,149.8712997,Medium
1,0,0,0,0,1,7,-0.781232311,143.8334049,Medium
1,0,0,1,0,0,5,35.71319854,51.24271181,Medium
1,0,0,1,0,0,6,3.690671717,97.17237621,Medium
1,0,0,1,0,0,5,36.61607821,49.73446889,Medium
1,0,0,1,0,0,6,2.300729015,129.0437051,Medium
1,0,0,1,0,0,5,24.24747027,102.7320833,Medium
0,0,0,0,0,0,9,3.295,95.982,Medium
1,0,0,0,1,0,6,38.60181955,22.71781654,Medium
1,0,1,0,0,0,7,14.05103716,-90.85570908,Medium
1,0,0,0,1,0,6,42.00271661,13.44218928,Medium
1,0,1,0,0,0,5,35.25613404,118.9764759,Medium
1,1,0,0,0,0,5,-2.356877944,29.07574964,Medium
1,0,1,0,0,0,7,14.04317018,67.96229012,Medium
0,0,0,0,0,0,6,46.17961668,54.2107363,Medium
1,0,0,1,0,0,5,40.25554297,42.99304548,Medium
1,0,0,1,0,0,5,34.47529357,135.2266714,Medium
1,0,0,1,0,0,7,2.387622512,129.5424132,Medium
1,0,0,0,0,0,6,39.30734941,118.953275,Medium
1,0,0,0,1,0,5,49.40155612,7.032712667,Medium
1,0,0,1,0,0,5,34.86735884,51.31425057,Medium
1,0,0,0,0,0,3,42.2708625,45.64909114,Medium
1,0,0,1,0,0,6,35.711255,136.6356544,Medium
1,0,1,0,0,0,7,-30.98145031,-71.5112038,Medium
0,0,0,0,0,1,7,-38.14277738,176.6267744,Medium
1,0,0,1,0,0,6,40.62940022,41.94982065,Medium
1,0,0,1,0,0,6,38.67893714,28.65461598,Medium
0,0,1,0,0,0,7,1.461881846,-79.22046687,Medium
1,0,0,1,0,0,5,28.61680999,52.20517369,Medium
1,0,0,1,0,0,6,28.04840141,54.09815801,Medium
1,0,0,1,0,0,4,16.78180744,46.03887762,Medium
0,0,0,0,0,0,8,3.170553857,96.7026563,Medium
1,0,0,1,0,0,5,36.70288208,49.10199242,Medium
1,0,1,0,0,0,6,33.06905908,-115.9670952,Medium
1,0,0,1,0,0,6,-8.374415981,116.5467128,Medium
1,0,0,0,0,0,5,14.74366814,73.26921254,Medium
1,0,1,0,0,0,7,-15.18864022,-74.6366462,Medium
1,0,0,1,0,0,7,28.8891489,58.74859385,Medium
1,0,0,1,0,0,6,-8.327245757,116.5756236,Medium
1,0,1,0,0,0,6,12.25544163,68.52106315,Medium
1,0,0,0,0,1,6,-28.20289832,162.8143492,Medium
1,0,0,1,0,0,5,30.33283379,51.49446276,Medium
1,0,0,1,0,0,5,26.98241514,103.3117279,Medium
1,0,0,0,1,0,5,45.43695795,16.55685553,Medium
1,0,0,1,0,0,5,28.1051153,103.5924817,Medium
1,0,0,1,0,0,5,30.91119322,50.20880483,Medium
1,0,0,1,0,0,6,31.28013707,100.5350277,Medium
1,0,0,0,0,1,7,-4.024573177,149.5614402,Medium
1,0,0,1,0,0,6,33.01678381,59.99050244,Medium
1,0,0,0,0,0,6,18.67411522,89.95599691,Medium
1,0,1,0,0,0,7,35.75795604,-118.2057901,Medium
0,0,0,0,0,0,6,46.77719558,56.62022528,Medium
1,0,0,0,0,0,5,37.77507287,27.52617621,Medium
1,0,0,1,0,0,6,31.18072725,100.2861942,Medium
0,0,0,0,0,0,7,2.918407949,95.96913727,Medium
1,0,0,1,0,0,7,4.523862191,126.8437602,Medium
1,0,0,1,0,0,6,37.21203651,102.2976877,Medium
1,0,0,0,0,1,7,-4.648282272,151.7373666,Medium
1,0,0,1,0,0,6,40.07464809,74.03681967,Medium
1,0,0,0,0,0,5,40.06671397,8.567377749,Medium
1,0,0,1,0,0,6,30.4254072,58.76634325,Medium
1,0,1,0,0,0,5,36.00143737,-120.6457566,Medium
1,0,0,1,0,0,6,-7.818986467,115.6479869,Medium
1,1,0,0,0,0,5,31.48805464,30.24431055,Medium
1,0,0,0,1,0,5,45.99507233,15.29547588,Medium
1,0,0,0,1,0,6,42.86223328,13.06295751,Medium
1,0,1,0,0,0,6,33.12480472,-115.906322,Medium
1,0,0,1,0,0,5,34.43395573,134.5698332,Medium
1,0,0,1,0,0,8,5.184242352,125.9880612,Medium
1,0,0,1,0,0,6,38.35869213,28.51603969,Medium
1,0,0,0,0,0,5,27.9138116,103.5188364,Medium
0,0,0,1,0,0,7,12.46290511,121.5228936,Medium
1,0,1,0,0,0,6,33.97078342,-116.4920903,Medium
1,0,0,1,0,0,5,28.10678617,53.54795301,Medium
1,0,1,0,0,0,7,-21.85946626,-71.55681725,Medium
1,0,0,1,0,0,5,31.96238903,105.1692465,Medium
1,0,0,1,0,0,6,3.374122105,97.70384068,Medium
1,0,0,0,1,0,6,38.63879927,20.49473833,Medium
1,0,0,1,0,0,6,-6.887386273,114.0710099,Medium
1,0,0,1,0,0,5,38.91687979,43.50267976,Medium
1,0,0,0,0,0,6,39.05016559,28.46170091,Medium
0,0,0,1,0,0,7,13.15644853,121.1485434,Medium
1,0,0,1,0,0,5,25.36646952,98.58093355,Medium
1,0,0,0,0,1,7,11.11409505,154.9497597,Medium
1,0,0,1,0,0,6,32.96322867,105.5235631,Medium
1,0,0,1,0,0,5,27.54099542,101.9314269,Medium
1,0,0,0,0,1,7,13.59695679,162.411844,Medium
1,0,0,0,0,1,6,-38.36011442,176.4811725,Medium
1,0,0,1,0,0,5,28.70947532,100.8867916,Medium
1,0,0,0,0,0,6,35.1985277,115.2548912,Medium
1,0,0,1,0,0,5,36.28464984,134.295553,Medium
1,0,0,1,0,0,5,39.86599481,44.14695302,Medium
1,0,0,0,0,0,6,1.58869333,138.7031325,Medium
0,0,1,0,0,0,7,1.34473203,-78.76247714,Medium
1,0,1,0,0,0,6,-28.0801783,-68.14037657,Medium
1,0,0,0,0,0,5,37.05193826,120.6404132,Medium
1,0,1,0,0,0,6,35.93609769,-120.7444908,Medium
1,0,0,1,0,0,6,0.883320328,120.4763518,Medium
1,0,0,0,1,0,6,41.2913137,14.5932339,Medium
1,0,0,0,0,0,6,38.11215927,23.62368506,Medium
1,0,0,1,0,0,5,28.43352854,103.2695546,Medium
1,0,0,0,0,0,6,36.38220592,70.52767234,Medium
1,0,0,1,0,0,5,32.78631089,105.3803168,Medium
1,0,0,1,0,0,6,-1.207992582,121.2083376,Medium
1,0,0,1,0,0,5,-1.226855391,101.4982836,Medium
0,1,0,0,0,0,9,3.295,95.982,Medium
1,0,0,0,1,0,6,38.02365157,20.78009685,Medium
1,0,0,0,1,0,5,46.2731686,13.39412137,Medium
1,0,0,0,0,1,7,-0.242375883,143.6267757,Medium
0,0,0,0,0,0,7,2.849750711,95.96679224,Medium
1,0,0,1,0,0,5,39.84665092,40.89143068,Medium
1,0,0,1,0,0,6,28.76278539,52.72516487,Medium
1,0,0,1,0,0,6,29.55210256,59.4043564,Medium
0,0,0,0,0,0,8,3.256005607,96.20781299,Medium
1,0,0,0,0,0,5,17.37973542,74.93814075,Medium
1,0,0,1,0,0,5,29.87418388,104.3147322,Medium
1,0,0,0,0,0,4,9.572667068,42.78329406,Medium
1,0,0,1,0,0,5,36.98102177,138.2315102,Medium
1,0,0,0,0,0,6,2.883771685,140.4738329,Medium
1,0,0,1,0,0,5,36.17585749,53.41473096,Medium
1,0,0,1,0,0,6,39.68165869,40.96724043,Medium
1,0,0,1,0,0,6,40.03804529,76.01973544,Medium
1,0,1,0,0,0,7,14.56116169,-92.07286739,Medium
1,0,0,1,0,0,6,-1.310508932,120.1023426,Medium
1,0,0,1,0,0,5,40.08949226,43.32747669,Medium
1,0,0,1,0,0,5,29.84946541,50.77472023,Medium
0,0,0,0,0,1,7,-6.447104409,148.9455078,Medium
1,0,1,0,0,0,5,35.41630926,119.1596616,Medium
1,0,0,0,1,0,5,44.92156632,17.21879936,Medium
0,0,0,0,0,0,8,3.248276208,96.25257323,Medium
1,0,0,0,0,0,7,36.31140531,70.9963846,Medium
1,0,0,1,0,0,5,35.78420629,138.775405,Medium
1,0,1,0,0,0,7,35.09376562,-117.1701864,Medium
0,0,0,1,0,0,6,8.270843083,116.7285852,Medium
1,0,0,1,0,0,4,26.70866659,51.00592419,Medium
1,0,0,1,0,0,5,25.4847011,98.81816858,Medium
1,0,0,0,0,0,6,12.43797243,91.501258,Medium
1,0,1,0,0,0,6,16.58492623,79.07400394,Medium
1,0,1,0,0,0,6,-1.6295548,-79.76447964,Medium
1,0,0,0,0,0,4,34.4009834,47.36811173,Medium
1,0,0,0,0,0,6,-7.433465844,27.43066831,Medium
1,0,0,1,0,0,6,32.55625431,59.9376797,Medium
1,0,0,1,0,0,6,33.32150788,75.92603023,Medium
0,0,0,1,0,0,8,3.1896265,96.59220836,Medium
1,0,0,0,0,0,6,-1.396351973,134.6218188,Medium
1,0,0,1,0,0,6,30.26775174,57.72211045,Medium
1,0,0,1,0,0,5,27.55382313,102.3767832,Medium
1,0,0,1,0,0,6,30.23626232,100.1278652,Medium
1,0,0,1,0,0,5,35.52731161,56.8435763,Medium
1,0,0,1,0,0,4,17.73832349,46.93941309,Medium
1,0,0,1,0,0,5,34.41905242,49.86780639,Medium
1,0,0,1,0,0,5,36.35923137,135.0477438,Medium
1,0,1,0,0,0,7,-18.87950486,-71.23775502,Medium
1,0,0,1,0,0,7,1.919338529,127.3970254,Medium
1,0,0,0,0,0,7,15.20429142,89.32678924,Medium
1,0,0,1,0,0,5,31.56620691,50.8601767,Medium
1,0,0,1,0,0,5,33.70211875,104.7877945,Medium
1,0,0,1,0,0,5,39.69560564,44.0059375,Medium
1,0,0,1,0,0,6,36.57321353,80.90010642,Medium
1,0,1,0,0,0,7,17.80604129,-102.2676767,Medium
1,0,0,0,0,0,6,35.00285324,115.484279,Medium
1,0,0,1,0,0,6,34.48334468,76.75943719,Medium
1,0,0,1,0,0,6,41.8084106,73.89000631,Medium
1,0,1,0,0,0,6,35.45176597,-120.4169283,Medium
1,0,0,1,0,0,6,-8.347179511,116.5634061,Medium
1,0,1,0,0,0,7,1.161821806,-77.41453458,Medium
1,0,0,1,0,0,6,-0.889831026,120.6964501,Medium
1,0,0,1,0,0,5,39.58393859,119.3359226,Medium
1,0,0,0,0,0,6,37.97936687,24.97522448,Medium
1,0,1,0,0,0,7,-0.46981223,-80.18977292,Medium
1,0,1,0,0,0,6,34.36544116,-117.9934928,Medium
0,0,0,0,0,0,7,1.944889276,97.63262493,Medium
1,0,0,0,0,0,6,-0.69052857,120.7425239,Medium
1,0,1,0,0,0,7,-15.75200795,-74.52789606,Medium
1,0,0,0,0,1,7,-9.682976482,147.4963369,Medium
1,0,0,1,0,0,4,18.85102842,47.95300571,Medium
1,0,1,0,0,0,7,17.9608991,-101.7845211,Medium
1,0,0,0,1,0,6,38.39386539,20.74243651,Medium
1,0,0,1,0,0,5,39.83279127,41.58348918,Medium
1,0,0,0,1,0,6,38.22152419,20.45493064,Medium
1,0,0,0,0,0,6,35.02844575,71.12378357,Medium
1,0,0,0,0,0,6,37.95696191,26.64228329,Medium
1,0,0,0,0,0,3,42.59301033,46.7446637,Medium
1,0,1,0,0,0,7,-18.86067421,-72.19423138,Medium
1,0,1,0,0,0,7,16.85748214,-98.66042354,Medium
1,0,0,0,0,0,5,25.58939404,103.0852355,Medium
1,0,0,1,0,0,5,28.0266018,103.5610334,Medium
1,0,0,1,0,0,5,31.53118201,50.87818893,Medium
1,0,0,1,0,0,6,21.47939814,100.0949325,Medium
1,0,0,1,0,0,5,35.21816583,52.12724875,Medium
1,0,0,1,0,0,6,35.84149222,49.86986847,Medium
1,0,0,1,0,0,5,27.14298192,54.41513872,Medium
1,0,0,0,0,1,7,16.61676507,164.9662486,Medium
1,0,1,0,0,0,7,-15.71868199,-74.53432917,Medium
1,0,0,1,0,0,4,23.10968155,49.05847959,Medium
1,0,0,1,0,0,5,40.39254783,41.99671927,Medium
1,0,0,1,0,0,6,39.16381182,28.40693087,Medium
0,0,0,1,0,0,8,3.275064933,95.98131911,Medium
1,0,0,1,0,0,6,29.47960783,56.31694469,Medium
1,0,0,1,0,0,5,35.9891491,55.99313136,Medium
1,0,0,0,0,0,6,36.53580009,23.85772337,Medium
1,0,1,0,0,0,5,-12.59884202,-75.9222488,Medium
1,0,0,1,0,0,6,1.103651797,122.6880319,Medium
1,0,1,0,0,0,7,-36.96467306,-72.83800824,Medium
1,0,0,0,1,0,6,46.25823394,13.32094863,Medium
1,0,0,1,0,0,6,-1.481852844,133.9756448,Medium
1,0,0,1,0,0,6,-0.95477314,121.2423222,Medium
0,0,0,1,0,0,5,8.563850555,122.649862,Medium
1,0,0,0,1,0,6,45.41796883,16.26243621,Medium
1,0,0,0,1,0,6,38.27843957,20.46403184,Medium
1,0,0,0,1,0,6,48.46625287,9.89596785,Medium
1,0,0,1,0,0,5,27.96865518,104.1156672,Medium
1,0,0,1,0,0,5,34.61203802,50.09444287,Medium
1,0,1,0,0,0,7,0.472571894,-78.6350896,Medium
1,0,0,1,0,0,6,-3.393302968,119.8686384,Medium
1,0,1,0,0,0,7,-15.37509538,-74.60065368,Medium
1,0,0,1,0,0,5,27.12588799,103.4286806,Medium
1,0,0,1,0,0,6,37.04189967,73.51290096,Medium
1,0,0,0,0,0,5,27.94122914,104.0650075,Medium
1,0,0,0,0,0,7,35.32135621,71.37709502,Medium
1,0,0,1,0,0,5,36.18133573,139.1025917,Medium
1,0,0,1,0,0,5,27.29188415,103.1707151,Medium
1,0,0,1,0,0,5,27.22210811,101.3010533,Medium
1,0,1,0,0,0,6,-24.68708947,-68.60686862,Medium
1,0,0,1,0,0,5,39.64095044,88.12926384,Low
1,0,1,0,0,0,7,-3.018863846,-79.21233339,Low
1,0,1,0,0,0,7,6.251185476,-77.44315894,Low
1,0,0,1,0,0,6,26.09775895,99.24772207,Low
1,0,0,1,0,0,6,29.63037125,90.16333649,Low
0,0,0,0,0,0,8,-15.489,-172.095,Low
1,0,0,1,0,0,5,-7.520970257,111.9837774,Low
1,0,0,1,0,0,6,34.12288823,58.20171738,Low
1,0,0,0,0,0,5,30.04664648,104.272108,Low
1,0,0,1,0,0,6,13.10437092,121.254237,Low
1,0,1,0,0,0,7,17.09366404,-98.36658985,Low
1,0,0,1,0,0,6,2.986670021,98.05828722,Low
1,0,0,1,0,0,6,35.07610301,137.0777374,Low
1,0,1,0,0,0,6,-18.29533082,-69.89151979,Low
1,1,0,0,0,0,5,-19.70934962,28.23811579,Low
1,0,0,1,0,0,6,27.97728481,103.9718535,Low
1,0,1,0,0,0,6,15.05504834,-61.33926923,Low
1,0,0,1,0,0,7,11.14770728,125.9381497,Low
1,0,1,0,0,0,7,0.291502318,78.65492132,Low
1,0,0,1,0,0,7,11.95416617,123.5535041,Low
1,0,0,1,0,0,6,-3.660629884,127.2663202,Low
1,0,0,1,0,0,5,37.41106769,45.01571563,Low
0,0,0,0,0,0,6,15.55780343,-157.2993341,Low
1,0,0,0,0,0,6,44.15289341,142.7662659,Low
1,0,0,1,0,0,5,44.44226875,122.5601816,Low
0,0,0,0,0,1,7,-11.18373657,165.3967934,Low
1,0,0,1,0,0,6,37.00622907,103.8287733,Low
1,0,0,1,0,0,5,40.97173963,79.15466506,Low
1,0,0,0,1,0,5,42.32909587,26.84461508,Low
1,0,1,0,0,0,5,-13.29921524,-74.14011185,Low
1,0,0,0,0,0,7,18.31043086,99.1541188,Low
1,0,0,0,1,0,5,41.8829176,13.97978161,Low
1,0,0,1,0,0,5,-8.129668367,117.1097531,Low
0,0,1,0,0,0,8,-31.4003235,-71.62185957,Low
1,1,0,0,0,0,4,36.35865234,3.741914054,Low
1,0,0,1,0,0,6,33.69692144,58.83362648,Low
1,0,1,0,0,0,6,2.882207955,-77.79948,Low
1,0,0,1,0,0,5,38.76160011,43.41332662,Low
1,0,0,0,0,0,7,1.968913141,141.6467559,Low
1,1,0,0,0,0,6,-1.489918361,29.21732673,Low
1,0,0,1,0,0,5,32.51625072,60.1738285,Low
1,0,0,1,0,0,6,32.89799086,57.28950724,Low
1,0,0,0,1,0,6,58.62925804,-9.53903602,Low
1,0,0,1,0,0,5,40.81032642,122.5002065,Low
1,0,0,1,0,0,5,28.42691189,54.95216704,Low
1,0,0,0,1,0,5,41.36700834,25.64496674,Low
1,0,0,1,0,0,5,35.21094294,58.18390745,Low
1,0,0,0,1,0,5,39.17522816,26.29394712,Low
1,0,0,0,0,0,5,33.45971679,147.1490097,Low
1,0,0,1,0,0,6,23.68718244,120.9151694,Low
0,0,0,0,0,1,7,-10.79849471,165.1115069,Low
1,0,0,1,0,0,6,3.820333873,127.3953649,Low
1,0,0,0,1,0,6,40.01365166,21.68001143,Low
1,1,0,0,0,0,5,-12.75404858,32.69689063,Low
1,0,0,1,0,0,6,41.32625606,77.34992087,Low
1,0,0,1,0,0,5,23.7873818,102.7769177,Low
1,0,1,0,0,0,8,-26.43483818,-70.61305061,Low
1,0,0,1,0,0,5,25.31008285,99.33414976,Low
1,0,0,0,1,0,6,65.62553874,-17.60146818,Low
1,0,0,0,1,0,6,40.5280545,25.41500194,Low
1,0,0,1,0,0,6,36.78814241,103.0406653,Low
1,0,1,0,0,0,7,3.17661911,77.60019948,Low
1,0,0,1,0,0,6,29.97128823,51.59855728,Low
1,0,1,0,0,0,6,14.09577196,-89.84881635,Low
1,0,1,0,0,0,5,-0.734241203,-78.11906499,Low
1,0,0,0,1,0,4,37.84552888,14.88039209,Low
1,0,0,1,0,0,6,25.49817883,98.49876799,Low
1,0,0,0,0,0,5,43.04175155,144.5112883,Low
1,0,0,0,1,0,5,44.55091448,9.456063116,Low
1,0,0,1,0,0,7,40.30384118,78.91152353,Low
1,0,1,0,0,0,7,-24.58854524,-70.05645512,Low
1,0,1,0,0,0,5,-14.24829521,-72.65989558,Low
1,0,0,0,1,0,5,42.07505605,26.31263921,Low
1,0,0,1,0,0,7,34.02667194,132.1401021,Low
1,0,1,0,0,0,8,-4.565257581,-75.8749099,Low
1,0,0,0,1,0,5,38.84502997,22.37322386,Low
1,0,0,0,1,0,4,37.42494604,15.12609397,Low
1,0,1,0,0,0,7,-2.490974027,-79.64345758,Low
1,0,0,0,1,0,6,39.47032655,22.44734439,Low
1,0,0,1,0,0,4,41.36070124,42.81491345,Low
1,0,0,1,0,0,6,40.54438197,42.93707869,Low
1,0,0,0,0,1,7,-10.60743638,161.2485807,Low
1,0,1,0,0,0,7,3.605132555,-77.79480722,Low
1,0,1,0,0,0,5,-15.11410966,-50.67051708,Low
1,0,0,0,0,1,7,-9.155656441,158.1367163,Low
1,0,0,1,0,0,6,36.72310434,98.53037408,Low
1,0,0,0,0,0,6,49.92158072,87.82019436,Low
1,0,0,1,0,0,7,29.79470999,130.1675063,Low
1,0,0,1,0,0,6,35.15908022,134.7883989,Low
1,0,0,0,0,1,6,15.79214772,177.9152364,Low
1,0,0,1,0,0,5,36.3482154,70.46543059,Low
1,0,0,1,0,0,4,40.30508199,42.69699837,Low
1,0,0,1,0,0,5,36.03173769,57.50833128,Low
0,0,0,0,1,0,5,47.48965412,7.959862732,Low
1,1,0,0,0,0,7,-6.795405961,30.11651788,Low
1,0,0,0,1,0,4,41.65644264,14.3144664,Low
1,0,1,0,0,0,6,18.46706256,-67.97774327,Low
1,0,0,1,0,0,6,26.37119881,99.58928426,Low
1,0,0,0,1,0,5,40.61395488,15.1735226,Low
1,0,0,1,0,0,6,29.93267641,67.87497048,Low
1,0,0,1,0,0,6,23.98745041,121.0083862,Low
1,0,1,0,0,0,6,15.23621544,-61.44575111,Low
1,0,0,1,0,0,7,33.27662703,131.2380471,Low
1,1,0,0,0,0,5,-23.90429847,27.35464119,Low
1,0,0,1,0,0,5,38.58868923,39.84946073,Low
1,0,0,0,0,0,5,37.83686568,-0.238373622,Low
1,0,1,0,0,0,6,41.33582598,-116.477331,Low
1,0,0,0,0,1,7,-4.179567529,144.034559,Low
1,0,0,0,1,0,5,40.19070009,20.71500304,Low
1,0,0,0,1,0,6,38.14330574,20.99832259,Low
1,0,0,1,0,0,5,28.48429537,56.65047927,Low
1,0,1,0,0,0,6,3.495244691,77.45995648,Low
1,0,0,0,1,0,5,47.8666791,7.396471448,Low
1,0,0,1,0,0,5,24.48722425,98.14621496,Low
1,0,0,1,0,0,7,20.687,99.822,Low
1,0,1,0,0,0,6,16.56764025,-97.39596204,Low
1,0,0,1,0,0,6,-4.834086148,118.2864175,Low
1,1,0,0,0,0,6,6.523331114,31.88241472,Low
1,0,0,1,0,0,5,26.39297353,99.84318439,Low
1,1,0,0,0,0,6,-7.81407641,32.48977841,Low
1,0,0,1,0,0,5,25.87802516,103.2640277,Low
1,0,0,1,0,0,7,33.72859022,58.02059354,Low
0,0,0,0,0,0,8,-15.489,-172.095,Low
1,0,0,0,0,1,7,-9.261128606,158.7200239,Low
1,0,0,1,0,0,6,29.97991275,51.07576503,Low
1,0,0,1,0,0,5,38.90165147,44.99521829,Low
1,0,1,0,0,0,6,9.566265607,82.57183236,Low
0,0,0,0,0,0,7,-7.884692566,-168.446435,Low
1,0,0,0,1,0,6,43.62464827,13.19343427,Very High
1,0,1,0,0,0,6,13.18096485,-87.68096485,Very High
1,0,0,1,0,0,7,35.45432464,133.2290895,Very High
1,0,0,0,0,0,6,5.730124459,0.337454977,Very High
0,0,0,0,0,0,7,24.40152157,170.2039206,Very High
1,0,1,0,0,0,6,12.67597057,-87.29926444,Very High
1,0,0,1,0,0,7,41.08340205,142.8313155,Very High
1,0,0,0,1,0,6,40.53279739,19.92636602,Very High
1,0,0,0,1,0,6,47.95252703,8.98173718,Very High
1,0,0,1,0,0,6,29.50201554,100.5975212,Very High
1,0,0,1,0,0,6,39.2653728,45.96368178,Very High
1,0,0,1,0,0,6,-8.85370305,113.576545,Very High
1,0,0,1,0,0,7,-6.09531501,105.2226607,Very High
1,0,1,0,0,0,6,18.10171445,-96.37843775,Very High
1,0,1,0,0,0,5,0.014805603,-79.85966073,Very High
1,0,0,0,0,0,7,12.83514446,-70.66873653,Very High
1,0,0,0,1,0,6,40.97316962,19.47529421,Very High
1,0,0,1,0,0,7,34.98528734,134.1965783,Very High
1,0,0,1,0,0,6,-4.967106245,102.7553271,Very High
1,0,0,1,0,0,6,35.569879,69.63504896,Very High
1,0,1,0,0,0,6,-18.85333238,-70.18711867,Very High
1,0,1,0,0,0,6,13.05155981,-87.82509817,Very High
0,0,0,0,0,0,7,18.70837338,-97.01279916,Very High
1,0,0,1,0,0,6,-8.153873139,114.8895029,Very High
1,0,1,0,0,0,7,-14.97769632,-74.64308584,Very High
1,0,0,1,0,0,6,-7.841701454,110.7277189,Very High
1,0,1,0,0,0,8,-19.40079795,-69.68856854,Very High
1,0,0,1,0,0,6,36.45345764,56.77161521,Very High
1,0,0,1,0,0,7,23.02649246,100.2854386,Very High
1,0,1,0,0,0,6,0.100768738,-78.40432862,Very High
1,0,0,1,0,0,6,-7.314620036,109.7364275,Very High
1,0,0,1,0,0,7,13.62814292,123.0146176,Very High
1,0,0,1,0,0,5,40.54569216,45.34391429,Very High
1,0,0,1,0,0,7,39.34475721,75.77041555,Very High
1,0,0,1,0,0,5,40.20707738,112.4402977,Very High
1,1,0,0,0,0,6,11.04293149,-1.474460233,Very High
1,0,0,0,1,0,6,38.63434676,15.10109887,Very High
1,0,0,1,0,0,7,43.5887938,84.14346245,Very High
1,0,1,0,0,0,6,-15.52070114,-71.12686522,Very High
1,0,0,0,1,0,5,42.06226715,14.08535862,Very High
1,0,1,0,0,0,7,16.85555103,-85.41856767,Very High
1,0,0,1,0,0,6,-8.579665391,114.9542684,Very High
1,1,0,0,0,0,4,-4.199783308,35.5509771,Very High
1,0,0,1,0,0,7,46.51951554,89.21301554,Very High
1,0,0,0,1,0,6,39.5377258,21.9439876,Very High
0,0,0,1,0,0,6,28,54.5,Very High
1,0,1,0,0,0,5,17.86912248,-93.97975434,Very High
1,0,0,1,0,0,5,40.20884741,29.32602148,Very High
1,0,0,1,0,0,6,33.77543664,72.09570017,Very High
1,0,0,1,0,0,7,30.19698729,61.12639689,Very High
1,0,0,1,0,0,7,22.79386458,100.0019634,Very High
1,0,1,0,0,0,6,-32.04733881,-68.47591636,Very High
1,0,0,1,0,0,6,35.90292405,54.02862352,Very High
1,0,0,1,0,0,5,27.96684289,54.35848737,Very High
1,0,0,0,1,0,6,37.67596707,21.83604939,Very High
1,0,1,0,0,0,7,-1.81856876,-77.54602611,Very High
1,0,1,0,0,0,6,-30.31506435,-71.14549142,Very High
1,0,1,0,0,0,7,18.42498099,-97.44202605,Very High
1,0,0,1,0,0,5,40.75511054,109.9211836,Very High
1,0,0,0,1,0,6,43.65476779,13.24575242,Very High
1,0,0,1,0,0,6,28.22219299,91.71074698,Very High
1,0,0,1,0,0,6,33.3969412,71.35597286,Very High
1,0,0,1,0,0,6,39.6832156,70.72139047,Very High
1,0,0,1,0,0,7,32.57580458,103.4,Very High
1,0,0,1,0,0,7,41.45828699,31.92172635,Very High
1,0,0,1,0,0,6,30,100.8364129,Very High
0,0,0,0,0,0,6,18.32786243,-96.37831652,Very High
1,0,0,0,0,0,6,5.822982707,32.41845394,Very High
1,0,0,1,0,0,5,39.72483758,28.72555115,Very High
1,1,0,0,0,0,5,-0.864019282,25.7108409,Very High
1,0,0,1,0,0,6,-8.334681006,111.0897788,Very High
1,0,0,1,0,0,5,37.22670525,36.19519499,Very High
1,0,0,1,0,0,6,24.49635357,99.11165497,Very High
1,0,0,1,0,0,7,40.94537302,142.6840321,Very High
1,0,0,1,0,0,7,9.123817152,124.3460408,Very High
1,0,0,1,0,0,6,22.04374491,97.14366072,Very High
1,0,0,1,0,0,6,21.47591979,120.5151233,Very High
1,1,0,0,0,0,6,-9.244099035,33.70808365,Very High
1,0,0,1,0,0,6,31.01686337,51.37969043,Very High
1,0,0,1,0,0,6,36.16294213,104.0280162,Very High
1,0,0,0,1,0,6,40.64543856,19.5,Very High
1,0,0,1,0,0,7,36.74887675,136.7769589,Very High
0,0,0,1,0,0,6,28,54.5,Very High
1,0,0,1,0,0,7,42.64059447,80.68895093,Very High
1,0,0,1,0,0,7,13.98698238,121.8760915,Very High
1,0,0,1,0,0,6,23.41491143,100.066082,Very High
1,0,0,1,0,0,6,39.93733222,72.31218344,Very High
1,0,0,1,0,0,6,24.31369702,98.67067904,Very High
1,0,0,0,0,0,7,11.8827133,-69.58024377,Very High
1,0,0,1,0,0,6,28.4600401,53.38823642,Very High
1,0,1,0,0,0,6,-32.15724687,-69.02480682,Very High
1,0,1,0,0,0,6,-11.25535303,75.69352045,Very High
1,0,0,1,0,0,7,27.83740185,87.42033269,Very High
1,0,0,1,0,0,6,39.87426202,72.32070343,Very High
1,0,1,0,0,0,4,17.29426212,-93.3746582,Very High
1,0,0,1,0,0,6,23.73675252,99.82701656,Very High
1,0,0,0,1,0,6,40.46537831,20.53075663,Very High
1,0,0,0,0,0,6,-0.930515408,141.4939115,Very High
1,0,1,0,0,0,6,12.44685696,-86.70101561,Very High
1,0,0,1,0,0,6,31.38734033,101.8520554,Very High
1,0,0,1,0,0,7,6.873092174,125.9599715,Very High
0,0,0,1,0,0,5,27.94551484,54.26746048,Very High
1,0,0,1,0,0,5,36.45118876,53.44960375,Very High
1,0,0,0,1,0,6,42.99697502,16.54645007,Very High
1,0,0,1,0,0,6,27.87084151,100.1741683,Very High
0,0,1,0,0,0,9,-16.01842178,-72.52491088,Very High
1,0,0,1,0,0,5,39.65150555,28.67735954,Very High
1,0,0,0,0,0,7,18.2,-76.8,Very High
1,0,0,1,0,0,6,-7.557315199,108.0462338,Very High
1,0,0,1,0,0,6,31.42106868,51.08604717,Very High
1,0,0,0,1,0,5,40.41530581,19.54234709,Very High
1,1,0,0,0,0,6,36.85315344,2.935572079,Very High
1,0,0,1,0,0,6,39.89992339,34.05031431,Very High
1,0,0,1,0,0,5,29.09612987,102.939561,Very High
1,0,0,1,0,0,6,29.65965468,51.22955547,Very High
1,0,0,1,0,0,5,36.90223679,54.30548233,Very High
1,0,0,1,0,0,6,38.01902705,38.4685456,Very High
1,0,0,1,0,0,7,21.79604214,99.279185,Very High
1,0,0,0,1,0,6,41.52076453,19.86847411,Very High
0,0,0,0,0,0,6,18.35838618,-95.15183272,Very High
1,0,0,1,0,0,7,28.07026231,85.82748341,Very High
1,0,0,1,0,0,7,33.50318358,48.59964197,Very High
1,0,0,0,0,1,7,-3.391568955,143.463459,Very High
1,0,0,1,0,0,7,28.71002682,87.28809574,Very High
1,0,0,1,0,0,7,22.53737604,101.2262126,Very High
1,0,0,1,0,0,5,37.32031647,108.89356,Very High
1,0,0,1,0,0,6,28.80570413,52.5528817,Very High
1,0,0,1,0,0,6,39.58067527,70.54388164,Very High
1,0,0,1,0,0,5,21.12966263,92.25544552,Very High
0,0,1,0,0,0,8,-19.7603828,-69.38703326,Very High
1,0,0,1,0,0,5,36.27301051,53.20307002,Very High
0,0,1,0,0,0,9,-15.50818045,-73.19099203,Very High
1,0,1,0,0,0,6,-13.83290107,-73.40755399,Very High
1,0,0,1,0,0,7,4.327203541,126.4784004,Very High
1,0,0,1,0,0,6,39.34467434,70.7420281,Very High
1,0,0,1,0,0,6,41.30558343,31.24994233,Very High
1,0,0,1,0,0,5,35.83404322,56.36159153,Very High
1,0,0,0,0,0,6,12.32430566,86.83410352,Very High
1,0,1,0,0,0,6,-31.44567067,-68.5459013,Very High
1,0,0,1,0,0,6,24.18353676,48.20506363,Very High
1,0,0,1,0,0,6,28.53377115,55.54121078,Very High
1,0,0,1,0,0,6,28.25442256,54.99629418,Very High
1,0,1,0,0,0,6,13.20538055,-88.65157509,Very High
1,0,0,1,0,0,7,20.96672235,99.68509133,Very High
1,0,0,0,1,0,6,40.55461416,20.70922832,Very High
1,0,0,1,0,0,6,-4.203652873,101.6352782,Very High
1,0,0,1,0,0,5,1.181567511,98.12134244,Very High
1,0,1,0,0,0,8,19.2609765,-96.99962056,Very High
0,0,1,0,0,0,9,-15.6242899,-72.70809663,Very High
1,0,0,1,0,0,7,-2.696869835,128.2646921,Very High
1,0,0,0,1,0,5,40.24540842,19.81836631,Very High
1,0,0,1,0,0,6,40.28325675,33.35638978,Very High
1,0,1,0,0,0,6,13.31068999,-88.62216278,Very High
0,0,0,0,0,0,4,17.55261089,-93.58623581,Very High
1,0,0,0,0,0,6,41.80663306,10.0272189,Very High
1,0,0,0,1,0,6,41.2807555,19.66375149,Very High
1,0,0,1,0,0,7,30,101.5092654,Very High
1,0,0,1,0,0,5,34.67793753,50.10044304,Very High
1,0,0,1,0,0,6,22.58965912,99.16595218,Very High
0,0,1,0,0,0,7,35.10674435,-118.9658712,Very High
1,0,0,0,1,0,6,42.80453569,17.48834807,Very High
1,0,0,1,0,0,5,40.48029648,29.90689826,Very High
1,0,0,1,0,0,7,16.45172047,121.2590725,Very High
1,0,0,0,0,0,6,37.91873642,27.064352,Very High
1,0,0,1,0,0,7,34.05247689,72.6371446,Very High
1,0,1,0,0,0,6,12.95882283,-87.83910005,Very High
1,0,0,1,0,0,6,40.081,71.41,Very High
1,0,0,1,0,0,5,-6.822928246,107.5444047,Very High
0,0,1,0,0,0,6,35.333,-118.917,Very High
1,0,1,0,0,0,7,-17.08534005,-71.62402103,Very High
1,0,0,1,0,0,5,38.3771698,34.43638718,Very High
1,0,0,1,0,0,7,29.47373631,91.38327248,Very High
1,1,0,0,0,0,6,0.492527071,37.37848238,Very High
1,0,0,1,0,0,5,40.67175954,110.3043186,Very High
1,0,1,0,0,0,7,19.14745782,-104.4262711,Very High
1,0,0,1,0,0,7,1.494896618,126.1243621,Very High
1,0,0,0,1,0,5,42.55053097,13.89187439,Very High
1,0,1,0,0,0,6,6.372707477,-72.12729252,Very High
1,0,0,1,0,0,5,28.17888004,53.02503836,Very High
1,0,0,1,0,0,5,38.04647457,39.12826727,Very High
1,0,0,1,0,0,6,30.53589389,102.1021848,Very High
1,0,1,0,0,0,6,-32.01979736,-69.18303602,Very High
0,0,0,1,0,0,6,28.91756504,56.28986559,Very High
1,0,0,1,0,0,6,24.49443475,97.96263726,Very High
1,0,1,0,0,0,7,35.05392063,-118.9772811,Very High
1,0,0,0,1,0,6,41.05501484,19.82916731,Very High
1,0,0,1,0,0,5,33.41275116,48.83074702,Very High
1,0,0,1,0,0,6,25.62772788,98.68274899,Very High
1,0,0,1,0,0,7,32.31271843,49.88495949,Very High
1,0,1,0,0,0,6,9.712532444,-68.78746756,Very High
1,0,0,0,0,0,5,4.289487975,38.90915476,Very High
1,0,0,0,0,0,7,14.8402141,-72.96024468,Very High
1,0,1,0,0,0,7,22.63320426,-107.1524636,Very High
1,0,0,1,0,0,7,9.665271332,123.1399333,Very High
1,0,0,1,0,0,6,39.33464447,70.11797466,Very High
1,0,0,1,0,0,6,33.75196158,72.04982079,Very High
1,0,1,0,0,0,7,19.22206772,-96.99022477,Very High
1,0,0,1,0,0,6,-7.373397396,110.3042115,Very High
1,0,0,1,0,0,6,36.22599088,53.61962786,Very High
1,0,0,1,0,0,7,22.81310915,100.0206989,Very High
1,0,0,0,0,0,6,-1.34327568,141.2089481,Very High
1,0,1,0,0,0,6,-30.27209112,-71.19496136,Very High
1,0,0,1,0,0,7,21.75341046,99.30005086,Very High
1,0,0,1,0,0,7,37.65744362,140.1611793,Very High
1,0,1,0,0,0,6,-14.16176468,-74.79803701,Very High
1,0,1,0,0,0,4,17.25473556,-93.22761661,Very High
1,0,0,1,0,0,5,34.0607078,49.55281754,Very High
1,0,0,1,0,0,7,36.53944916,136.3820423,Very High
1,0,0,0,1,0,6,40.15356267,20.20024567,Very High
1,0,0,1,0,0,8,31.73898325,103.2644069,Very High
1,0,0,1,0,0,7,10.23819566,123.140915,Very High
1,0,1,0,0,0,8,-19.74183067,-69.40259043,Very High
1,0,0,0,1,0,6,42.3054782,18.94685232,Very High
1,0,1,0,0,0,7,-37.15385142,-73.27826765,Very High
1,0,0,1,0,0,7,15.38283736,121.646783,Very High
1,0,0,0,1,0,6,41.51335211,20.46787196,Very High
1,0,0,1,0,0,7,34.85951036,56.56571031,Very High
1,0,0,1,0,0,6,39.05267915,69.629861,Very High
1,0,0,1,0,0,6,-7.878294064,113.9995437,Very High
1,0,0,1,0,0,5,28.19761909,52.99687465,Very High
1,0,0,1,0,0,6,37.81360959,106.424928,Very High
1,0,1,0,0,0,6,-30.75662834,-70.63717156,Very High
1,0,0,0,1,0,6,43.2795647,19.49265249,Very High
1,0,0,1,0,0,7,38.8797971,141.5646391,Very High
1,0,0,0,0,0,6,5.99150847,1.754186264,Very High
0,0,1,0,0,0,6,28.82236399,-112.885831,Very High
1,0,0,1,0,0,6,-7.216279543,107.2104941,Very High
1,0,0,1,0,0,7,34.44608324,133.1982459,Very High
1,0,0,0,0,0,7,17.17447454,-75.6279709,Very High
1,0,0,1,0,0,6,-2.948554454,102.3529438,Very High
1,0,0,1,0,0,5,40.71272458,29.9674946,Very High
1,1,0,0,0,0,6,36.1767905,0.894352954,Very High
0,0,0,0,0,0,6,18.22,-94.416,Very High
1,0,1,0,0,0,6,13.30155229,-87.39630352,Very High
1,0,1,0,0,0,6,-14.56966083,-75.16796792,Very High
1,0,0,1,0,0,6,16.7418166,121.4659598,Very High
0,0,1,0,0,0,9,-15.75,-72.75,Very High
1,0,0,0,0,0,7,11.76922381,-69.4505415,Very High
1,0,0,1,0,0,7,-0.139376943,127.1975071,Very High
1,0,0,1,0,0,7,13.3502764,123.4062771,Very High
1,0,0,1,0,0,6,40.7711778,31.89163794,Very High
1,0,0,0,0,0,6,34.88298044,-1.271391791,Very High
1,0,0,1,0,0,7,34.10122932,72.7324258,Very High
1,0,0,1,0,0,7,38.09275072,75.72579731,Very High
1,0,1,0,0,0,6,-14.33189285,-75.83592049,Very High
1,0,0,1,0,0,5,33.77629047,48.64979252,Very High
1,0,0,1,0,0,6,35.04672895,56.32389673,Very High
1,0,0,0,0,0,7,-14.61032505,75.87563261,Very High
1,0,1,0,0,0,6,34.72422406,-118.1283861,Very High
1,0,0,1,0,0,5,40.70779533,30.15944356,Very High
1,0,0,1,0,0,5,29.5,102.4726561,Very High
1,0,0,0,0,0,6,16.06088423,43.32742775,Very High
1,0,0,1,0,0,6,24.96695685,102.6195571,Very High
1,0,0,1,0,0,5,31.92698721,103.1211821,Very High
1,0,1,0,0,0,6,13.12125937,-88.24930364,Very High
1,0,0,1,0,0,6,40.01144577,71.84677627,Very High
1,0,0,1,0,0,6,39.94256114,34.0157853,Very High
1,0,0,1,0,0,7,34.67722706,133.7178508,Very High
1,0,0,1,0,0,5,36.90793621,54.26452145,Very High
1,0,0,1,0,0,7,29.81107473,101.3087943,Very High
0,0,0,1,0,0,6,29.00176802,52.07906062,Very High
1,0,0,0,0,0,5,4.068292003,5.462871483,Very High
1,0,1,0,0,0,6,10.12276129,83.88465619,Very High
1,0,0,1,0,0,6,23.26585528,120.290098,High
1,0,0,1,0,0,8,-3.619577279,101.0368133,High
1,0,0,1,0,0,6,39.20577828,27.53485521,High
1,0,0,1,0,0,6,37.919,40.211,High
1,0,0,1,0,0,7,25.1605797,122.1605797,High
1,0,0,1,0,0,6,39.30983714,27.26970654,High
1,0,0,1,0,0,7,22.56973782,98.05621856,High
1,0,1,0,0,0,5,9.540086752,77.45735112,High
1,0,0,0,0,0,6,40.93617481,72.42937622,High
1,0,0,1,0,0,6,39.38151915,40.51468297,High
1,0,0,1,0,0,6,38.8592168,39.98713886,High
1,0,0,0,1,0,6,41.05543356,69.21626422,High
1,0,0,0,0,0,5,-10.18046056,46.34093365,High
1,0,0,0,0,1,7,7.10644142,145.6908067,High
1,1,0,0,0,0,7,-0.197270117,30.30593172,High
1,1,0,0,0,0,7,3.707833972,29.68333127,High
1,0,0,1,0,0,6,38.543,44.447,High
1,0,0,1,0,0,7,39.74239553,76.27117473,High
0,0,0,0,0,0,7,41.6184873,142.4062306,High
1,0,0,1,0,0,6,22.91556336,120.7280218,High
1,0,0,1,0,0,5,29.69701027,51.69415567,High
1,0,0,0,1,0,7,37.93481485,-3.472281937,High
1,0,0,1,0,0,7,34.08477422,52.07543999,High
1,0,0,0,0,0,6,38.97034234,118.1616608,High
1,0,0,1,0,0,5,35.49735894,67.88450559,High
1,0,0,1,0,0,8,41.31022685,74.54025398,High
1,0,0,1,0,0,6,23.43046431,120.4422211,High
1,0,0,0,0,0,8,23.35927518,70.32876933,High
1,0,0,1,0,0,7,11.84868409,125.5635373,High
1,0,0,1,0,0,7,24.31548399,102.8203543,High
1,0,1,0,0,0,5,10.71923299,-84.91661766,High
1,0,0,1,0,0,6,39.65720807,76.66767372,High
1,0,0,1,0,0,5,41.71333727,44.03801889,High
1,0,0,1,0,0,6,39.70256911,76.57245409,High
1,0,0,0,0,0,6,4.202815657,88.29855478,High
1,0,0,1,0,0,6,-2.351555614,101.486376,High
1,0,0,1,0,0,6,39.70713552,40.25381588,High
1,0,0,1,0,0,5,32.43392321,48.97694638,High
1,0,0,0,0,0,5,41.30282115,0.415037129,High
1,0,1,0,0,0,6,10.16098787,-84.19220975,High
1,0,0,0,1,0,6,42.28142592,21.40005785,High
1,1,0,0,0,0,6,4.867264386,31.22062283,High
1,0,0,1,0,0,6,33.17449965,71.13188574,High
1,0,0,1,0,0,5,29.17263608,52.5228975,High
1,0,0,0,1,0,5,42.67215922,-0.797974634,High
1,0,0,1,0,0,6,33.75661081,59.38712828,High
1,0,0,1,0,0,5,27.1521122,61.80682653,High
1,0,1,0,0,0,5,13.74883513,90.16553427,High
1,0,1,0,0,0,6,15.20694182,-94.0348116,High
1,0,0,1,0,0,6,38.51967366,43.26665482,High
1,0,0,1,0,0,7,39.32110041,76.48908599,High
1,0,1,0,0,0,6,21.0595634,-104.064643,High
1,0,0,1,0,0,6,27.00048191,60.11176763,High
0,0,0,1,0,0,7,-5.144203139,120.9261482,High
1,0,0,1,0,0,5,23.50855972,119.5819571,High
1,0,0,1,0,0,6,39.4267688,40.21969359,High
1,0,0,1,0,0,6,21.02242528,121.8366769,High
1,0,0,1,0,0,7,7.48979425,125.020609,High
1,0,0,0,0,0,6,34.36169551,32.49237848,High
1,0,0,1,0,0,6,23.0353325,120.672804,High
1,0,0,0,0,0,7,-1.773666003,136.2849753,High
1,0,0,1,0,0,6,23.3987809,99.49393176,High
1,0,0,1,0,0,5,26.21168803,102.955725,High
1,0,0,1,0,0,6,35.3714662,140.1993394,High
1,0,0,1,0,0,5,30.88740853,86.2072363,High
0,0,0,1,0,0,7,40.21297643,139.3813688,High
1,0,1,0,0,0,7,-6.596230437,-76.16795188,High
1,0,0,1,0,0,5,-4.065393385,102.6196397,High
1,0,0,1,0,0,5,29.8960141,51.08799805,High
1,0,0,1,0,0,5,30.9495812,50.00423453,High
1,0,0,1,0,0,7,4.680835153,95.21198644,High
1,0,0,0,1,0,6,42.4973607,21.90697495,High
1,0,0,1,0,0,6,-4.566834826,120.2255516,High
1,0,0,1,0,0,6,23.65520319,121.1352476,High
1,0,1,0,0,0,6,32.47914813,-115.7438357,High
1,0,1,0,0,0,5,-9.533701613,-75.66923404,High
1,0,0,1,0,0,6,34.77295682,104.3402306,High
1,0,0,0,0,0,6,37.03627745,127.3825451,High
1,0,1,0,0,0,7,15.86658787,-95.43563479,High
1,0,0,1,0,0,6,37.94490267,39.36916325,High
1,0,1,0,0,0,6,38.53292083,122.6619103,High
1,0,0,1,0,0,6,38.78527764,41.42068653,High
1,0,0,1,0,0,7,22.27558119,120.8335484,High
1,0,0,0,0,0,7,36.81748262,-0.352694262,High
1,0,0,1,0,0,6,30.35865739,103.187671,High
1,0,1,0,0,0,7,-30.94192828,-70.89548036,High
1,0,0,1,0,0,6,39.34307376,39.99190408,High
1,0,0,1,0,0,5,33.1478182,47.30827825,High
1,0,0,1,0,0,6,23.06870136,120.6907916,High
1,0,0,1,0,0,6,38.41161983,29.95117356,High
1,0,0,1,0,0,7,22.40555428,98.36617653,High
1,0,0,0,1,0,6,41.74820827,19.3812592,High
1,0,0,1,0,0,6,23.06887684,101.1211095,High
1,0,0,1,0,0,5,35.9891157,52.36244983,High
1,0,0,1,0,0,6,37.93212756,39.78435435,High
1,0,0,1,0,0,6,32.00853042,49.61109941,High
1,0,0,1,0,0,5,31.95593417,49.24760079,High
1,0,1,0,0,0,7,10.32439683,-84.36261737,High
1,0,0,1,0,0,7,24.88499678,121.6150032,High
1,0,0,0,0,0,6,41.40330341,70.0657991,High
1,0,0,1,0,0,6,29.05365443,87.66174074,High
1,0,0,1,0,0,6,27.66938844,61.70964797,High
1,0,0,1,0,0,5,30.30017046,101.9093244,High
1,0,0,1,0,0,5,39.37587367,42.53432268,High
1,0,0,1,0,0,6,38.10812702,31.20282566,High
1,1,0,0,0,0,7,-1.760399517,28.67738966,High
1,0,0,1,0,0,5,29.65763778,105.5406011,High
1,0,0,1,0,0,6,39.98116462,40.02607975,High
0,0,0,1,0,0,6,36.39321432,141.2390323,High
1,0,1,0,0,0,5,31.60261442,-115.4888128,High
1,0,0,1,0,0,6,24.54731562,102.278995,High
1,0,0,0,0,0,6,37.38426884,14560.23701,High
1,0,0,1,0,0,6,41.73186239,75.0617009,High
0,0,0,1,0,0,6,-7.802267288,112.9222604,High
1,0,0,1,0,0,6,20.86766433,121.9508639,High
1,1,0,0,0,0,7,-5.764164633,29.71125931,High
1,1,0,0,0,0,6,-1.889607053,29.94148103,High
1,0,0,1,0,0,6,25.94567262,88.64387348,High
1,0,0,1,0,0,6,39.04230348,40.23709711,High
1,0,1,0,0,0,7,-6.975627869,-76.07289986,High
1,0,0,0,1,0,6,41.36395353,19.88812112,High
1,0,0,1,0,0,5,24.49258124,116.8572125,High
1,0,0,1,0,0,6,24.39585067,121.170464,High
1,0,0,1,0,0,6,43.05569335,81.70941606,High
1,0,0,1,0,0,7,3.533651698,96.4702845,High
1,0,1,0,0,0,7,8.859415293,-83.15320226,High
1,0,0,0,0,0,6,2.792676505,95.33824607,High
1,0,0,1,0,0,6,11.30494271,125.7022202,High
0,0,0,1,0,0,7,37.59125215,142.1282447,High
1,0,0,0,0,0,6,10.74187863,133.293921,High
1,0,0,1,0,0,6,31.98684598,49.60468319,High
1,0,0,0,0,0,6,42.31781539,117.6569865,High
0,0,0,1,0,0,7,37.58835009,137.5550464,High
1,0,0,1,0,0,6,39.35496893,76.60678987,High
1,0,0,1,0,0,5,39.72159023,42.8,High
1,0,1,0,0,0,6,-28.49164415,-71.72839817,High
1,0,0,1,0,0,7,22.13881549,121.0725681,High
1,0,0,1,0,0,6,22.33665592,120.7918542,High
1,0,0,0,1,0,6,40.53865146,22.45663818,High
1,0,1,0,0,0,5,35.50873019,-120.5744408,High
1,0,0,1,0,0,6,0.304979887,129.8096681,High
1,0,0,1,0,0,5,36.05864078,129.9969078,High
1,0,0,1,0,0,5,33.90840171,47.31103278,High
1,0,0,0,0,1,6,-6.209628021,147.2451367,High
1,0,0,1,0,0,7,24.58660093,121.9133991,High
1,0,1,0,0,0,5,13.07160563,-87.97094491,High
1,0,0,1,0,0,5,40.84534182,76.50464931,High
1,0,0,1,0,0,6,25.15792776,103.392217,High
1,0,0,1,0,0,6,42.64643413,79.57013058,High
1,0,0,0,0,0,6,3.359584004,95.85399485,High
1,0,0,1,0,0,5,33.68749485,48.48557145,High
1,0,0,1,0,0,5,29.14439916,52.04381535,High
1,0,1,0,0,0,6,27.8221122,-111.625572,High
1,0,0,1,0,0,6,26.56745666,63.08459228,High
1,0,0,1,0,0,6,38.38978847,35.39043236,High
1,0,0,0,1,0,6,40.76965246,22.35335902,High
1,0,0,0,0,0,5,2.178974711,80.70755993,High
1,0,0,1,0,0,6,38.43698409,35.37090313,High
1,0,0,1,0,0,6,40.72823455,48.50349883,High
1,0,0,1,0,0,6,39.53431023,39.8970693,High
1,0,0,1,0,0,5,1.329968332,126.0730467,High
1,0,0,1,0,0,6,32.67490254,50.85989859,High
1,0,0,1,0,0,6,36.00604579,31.62270819,High
1,0,0,1,0,0,6,-5.303062746,116.843326,High
1,0,0,1,0,0,5,34.19843682,105.7531023,High
1,0,0,0,0,0,6,42.18692033,44.36943961,High
1,0,0,0,0,0,7,25.93977489,122.1100386,High
1,0,0,1,0,0,6,39.69883994,40.41699085,High
1,0,1,0,0,0,6,32.28149982,-115.3035505,High
1,0,0,1,0,0,5,26.33334192,103.7591052,High
1,0,0,1,0,0,5,34.78689715,50.91775436,High
1,0,0,1,0,0,6,1.350002522,121.8453916,High
1,0,0,1,0,0,6,31.08540655,86.25120046,High
1,0,1,0,0,0,5,-9.947376747,-75.53440143,High
1,0,0,1,0,0,6,40.07994082,28.3093206,High
1,0,0,1,0,0,6,23.19373844,100.5750984,High
1,1,0,0,0,0,5,-24.78211019,27.05745239,High
0,0,0,1,0,0,7,39.59534321,139.9463285,High
1,0,0,0,0,0,7,38.42956525,141.8439363,High
1,0,0,1,0,0,6,27.75310903,88.01827738,High
1,0,1,0,0,0,5,2.3990207,76.36370042,High
1,0,1,0,0,0,7,10.19137939,-84.21392777,High
1,0,1,0,0,0,7,8.562051727,-82.92609441,High
1,0,0,1,0,0,5,38.71228398,43.60326283,High
1,0,0,0,1,0,6,43.8176257,15.51577139,High
1,0,0,1,0,0,6,39.02297719,42.56306759,High
1,0,0,1,0,0,6,40.66836161,32.33179704,High
1,0,1,0,0,0,5,14.15966404,-90.53116238,High
1,0,0,1,0,0,5,36.98866648,44.09179003,High
1,0,0,1,0,0,5,36.29541281,54.47414509,High
1,0,0,0,0,0,6,38.72466679,125.9935721,High
1,0,0,1,0,0,6,38.95965747,45.24921533,High
1,0,0,1,0,0,6,25.93120285,101.2375929,High
1,0,0,0,1,0,5,42.70630884,12.29514121,High
1,0,0,1,0,0,6,38.51599678,43.72670474,High
1,0,0,1,0,0,7,4.282428706,95.87235532,High
1,0,0,1,0,0,5,28.38458208,84.2822208,High
1,0,0,1,0,0,5,29.62609528,104.8336573,High
1,0,0,1,0,0,6,29.45979811,51.96778409,High
1,0,0,1,0,0,6,-6.296364158,122.072234,High
1,0,0,1,0,0,6,38.15442684,40.15494599,High
1,0,0,1,0,0,7,-10.43499234,116.9138482,High
1,0,0,1,0,0,7,42.14344373,73.84188457,High
1,0,0,1,0,0,6,37.96102116,30.43178703,High
1,0,1,0,0,0,6,37.31012249,-118.6021783,High
1,0,0,1,0,0,5,38.62147977,43.47354253,High
1,0,0,1,0,0,6,35.40240347,140.1339876,High
1,0,0,0,0,0,6,21.55164512,99.54119125,High
1,0,0,1,0,0,5,31.31768803,49.7980947,High
1,0,0,1,0,0,6,27.76804016,88.14082435,High
1,0,0,1,0,0,6,37.69163986,30.67362407,High
1,0,1,0,0,0,6,14.53945367,-91.96818735,High
1,0,0,1,0,0,6,35.42873823,52.28499678,High
1,0,0,0,0,0,6,6.168597068,94.53543151,High
1,0,0,1,0,0,6,39.12986003,42.27979832,High
1,0,0,1,0,0,7,22.83608489,120.7007263,High
1,0,0,1,0,0,6,35.09007518,135.2534984,High
1,0,0,0,1,0,7,37.44250143,24.27219017,High
1,0,0,1,0,0,6,39.58271569,39.75185293,High
1,0,0,1,0,0,7,-4.272681734,101.9227717,High
1,0,0,1,0,0,6,23.89908187,118.8307084,High
1,0,0,1,0,0,6,38.87143821,40.97808689,High
1,0,0,1,0,0,6,24.05327796,101.914194,High
